ZAT,ses_cat,ses_cat_r,clus,injury,death,damage,total,walk_pubt,pop_density,pcta_Collector,pcta_Local,pcta_other,MEANIPM
3,5,5,1,1,0,0,1,4060.68763088,45761.58739507876,0,81.68677640593658,18.31322359406341,NA
4,4,4,1,2,0,0,2,17225.44212988,0,0,7.617748880813633,0,NA
7,2,2,1,16,1,0,17,10426.993224865997,770986.1295981668,3.7570732446866235,15.374583309505773,1.5813362252043839,2.782
9,4,4,2,12,1,0,13,90743.96454189303,3070369.5056593562,14.753278797378805,22.40047535019763,0.18454623425701602,8.101
10,5,5,1,17,2,0,19,31890.191497360007,718925.6756549448,1.0518377210880587,23.91732926525984,9.386596806667969,0.635
11,3,3,2,52,4,0,56,109439.460656836,3388921.9324678094,21.368012465697177,34.91684574721843,8.701113870724608,10.427
12,3,3,2,21,2,0,23,42956.23044058,4193621.9290537825,30.261423868317937,43.57503637690742,2.371674945395001,5.06
13,2,2,2,56,0,0,56,57320.94407908799,5943606.957635224,32.848501132108474,48.515686909260964,5.356359307168495,6.115
14,3,3,1,11,0,0,11,21352.466020679996,3451197.6319943513,20.356687112432283,36.63177226852034,2.771302462233941,5.378
15,3,3,2,9,0,0,9,4199.33635958,2351388.961254663,20.27293541942311,27.779986112739035,1.0124146934496914,5.27
16,3,3,2,3,0,0,3,20821.43958447999,2501783.927563634,26.042356257245654,45.95268141048634,0.8707692348713105,3.16
17,4,4,1,2,1,0,3,18057.67254993201,1130141.992005245,6.234670132134144,34.09774421147216,0,0.459
18,3,3,1,3,0,0,3,1792.318661924,21510.921655880356,28.700347401318055,2.544245212997537,7.861376570795098,NA
20,2,2,1,5,2,0,7,8391.800783008,1205666.2354792298,0,20.423484880317076,5.145549228240767,2.751
21,4,4,1,1,0,0,1,13511.394393883998,28995.267356787263,0,27.966690657464856,0,0
22,4,4,1,1,0,0,1,2614.844750354,0,0,48.813067276717476,0,NA
23,3,3,2,6,0,0,6,48220.67514588001,5476947.057589767,4.867389601605502,55.382159026619874,9.070312066499064,1.635
24,2,2,2,11,0,0,11,21466.696807617,7236990.8949238565,11.753760948947809,44.61243365048715,13.31976950416808,2.886
25,3,3,1,3,0,0,3,46765.962753452,2081466.7857073534,15.516240873119369,21.70215663057987,18.068791199393267,7.052
26,3,3,2,15,1,0,16,15730.188295552001,1312950.8147576642,19.16882754504092,5.285715397251249,0.5312445152063691,1.139
27,4,4,2,23,0,0,23,85182.63357351196,1489765.600649264,17.26685270776665,36.49518996335596,0.8196644375181025,1.418
28,5,5,1,5,0,0,5,22059.519525036,247460.7073061145,15.797787929061984,39.1516923854061,0,3.715
29,4,4,1,3,0,0,3,8404.98054656,6368.89076136386,13.369326260945849,7.033631137081377,3.204208202179893,13.892
30,5,5,1,4,0,0,4,14800.315921579995,415011.11292722856,8.32042775665859,8.498335886141149,4.70861570905932,3.132
31,3,3,1,2,0,0,2,1986.3972908,134720.11202454532,66.72827156045165,2.2886337650331505,30.983094674515193,3.889
32,3,3,1,13,1,0,14,9392.829291959999,2434420.597805349,22.23456875577815,32.896233033066295,5.459142891721549,1.548
33,2,2,2,33,1,0,34,138335.143949516,3787256.725615084,30.893037065725697,54.61047065949197,3.3946630280338823,3.946
36,3,3,1,20,0,0,20,154126.82087495993,2524935.2598382044,18.634140128425187,67.92825772798643,13.43760214358839,1.672
37,2,2,2,40,2,0,42,179264.6035537119,5366150.520036175,30.95056791910308,61.962573387615336,7.0868586932815845,5.343
38,3,3,1,6,0,0,6,20736.42379016,3325895.7737126374,48.2661204513892,27.855286210965463,23.878593337645338,0.518
39,3,3,2,19,0,0,19,28911.875781560004,4461607.57907882,37.00910280197666,41.167085797722244,9.78104305100071,4.149
40,3,3,2,35,2,0,37,116825.43891989403,4308303.213565873,24.36080247745419,35.55879180431199,5.97333216777203,1.336
41,3,3,2,49,4,0,53,115288.251614242,3030659.660829016,18.81653966005934,40.18323414635881,1.8396329326075165,2.208
42,3,3,3,10,1,0,11,8275.32655146,639190.396640901,37.610797767033624,59.05681848914727,3.3323837438191033,0.572
43,3,3,3,1,0,0,1,2218.4222973200003,416164.2426581685,44.994929491497686,52.26735687285499,2.7377136356473244,0
44,4,4,3,9,1,0,10,20531.62795576,997206.9063101053,20.050147904314667,16.972287067600476,3.0803477773492087,0.471
45,4,4,3,6,1,0,7,24999.224101453998,3069630.707240789,17.54156244542685,15.488626621720913,3.695150371601361,2.114
46,3,3,2,23,4,0,27,73935.26845974002,3291908.9822244598,24.445680846181634,20.260677717854104,4.706242155529577,1.45
47,3,3,2,23,0,0,23,63700.51364543998,3923220.546386831,22.59369707207501,46.29931558824509,1.8555903919758818,2.517
48,3,3,2,2,0,0,2,29031.703979956998,6327463.518905556,16.83925202692789,65.7616786489781,5.773110248043912,1.421
49,3,3,2,8,0,0,8,22088.50195603001,2946335.0654519014,16.80619122768069,29.96618876044328,0.3024167538604373,2.723
50,4,4,1,1,0,0,1,37061.19416918,1156586.9272168255,22.97976891344748,19.29316175339729,0.18065150599195132,0.469
51,4,4,2,5,0,0,5,31435.216627758,1739584.8955691755,12.21076769944612,32.713048736190544,1.4760897982082053,1.448
52,3,3,2,25,3,0,28,66102.29320346398,1399398.74208683,25.021885886503803,25.956027767437327,2.1008191233477853,3.649
53,3,3,2,24,1,0,25,34528.32045155001,1467806.3983419922,24.036427868446406,37.53315789959098,0,7.829
54,4,4,2,24,4,0,28,54388.078009985984,3675223.4928397303,14.667078001833952,37.11600953606089,7.895152155552842,3.067
55,3,3,2,21,1,0,22,71811.67376029996,1819162.2110923869,12.951468967012653,28.36868915689391,0,1.944
56,3,3,2,32,1,0,33,54714.458273854994,2880047.346110215,30.800285416965856,31.141495498936976,8.55666500626102,4.604
57,2,2,2,10,0,0,10,13222.68462024,1334206.8485448041,26.455338343294642,22.352212100277143,7.921322861693552,2.953
58,1,1,2,22,0,0,22,29808.633248318994,2335934.178738467,28.39398300927225,51.04212650647716,2.177657851473633,10.152
59,3,3,2,18,0,0,18,37682.191043719984,4576059.826411146,24.17344741874525,29.795108615018734,10.6833871500571,4.216
60,3,3,2,9,0,0,9,30158.022095884007,3794917.5494294134,44.925110859670035,24.309150096016616,2.665479650181098,3.943
61,4,4,2,8,0,0,8,32846.30501137997,2202580.3164830073,35.74815016658684,28.961046415312776,0.7083437053779464,1.618
62,4,4,2,8,1,1,10,25112.744456584,881787.2860154551,18.233545193714924,37.8207981171101,0,1.188
63,4,4,2,11,1,0,12,19686.783631640003,567856.5076746012,15.743283675578338,15.341296400959864,0,10.178
64,4,4,2,6,0,0,6,40503.628386874,3663705.3427134613,25.14790987276318,31.515948241860748,0,0.616
65,4,4,2,2,0,0,2,18158.63901994,1780129.768465271,27.68592604528853,11.167447986171956,0,0.807
66,4,4,2,5,0,0,5,33080.35031210001,3507938.6199967414,15.894494537798112,59.65595677095771,2.567039653417185,1.066
67,4,4,2,17,0,0,17,44217.1306516,2233510.4025401063,13.897808014565891,41.77743512515805,1.144490124406056,1.419
68,3,3,2,7,1,0,8,23640.338590108004,1805319.5228699038,12.828900232179963,35.001865606799605,0,2.488
69,4,4,2,26,1,0,27,53222.254004858,1758067.494452466,21.88188178129407,16.835780360506007,0.5804509445214119,2.31
70,4,4,2,4,0,0,4,28243.918041391997,2995552.941986145,12.216005171705072,34.42530508352179,0.8198740433946069,1.355
71,5,5,2,17,0,0,17,30592.895597119998,1428345.822409782,18.36433365583595,26.745349892803937,1.880512089847684,1.589
72,4,4,2,10,0,0,10,71446.82415314803,3128601.8210040955,18.562766752664505,45.503771083337476,0,0.98
73,4,4,2,4,0,0,4,48259.4889213,3319938.3960943148,12.189203394822297,40.700935540844306,0,1.12
74,4,4,2,2,0,0,2,14986.78470408,3323426.585989267,33.050615686713186,32.544527042702995,0,1.059
75,4,4,2,14,0,0,14,45260.978347878,3286571.8768428313,39.70207361383616,24.5464896701528,0,1.15
76,5,5,2,7,0,0,7,14832.617074918002,1602348.8800528331,18.33776188400647,29.9471228191834,2.291439225134156,1.042
77,4,4,2,5,1,0,6,61521.372803889986,2461698.0634756177,38.02087714739273,23.98077996611257,0.16889989037056458,1.449
78,4,4,2,3,0,0,3,4953.70072526,2881108.3507931903,23.725939797646802,3.987257377367964,1.1414440265378947,1.81
79,4,4,2,4,1,0,5,8191.038702919999,3701309.602870862,37.81260218380026,18.71186543007368,0,0.944
81,4,4,2,2,0,0,2,6271.949466690001,2264164.3369451026,33.376362743076776,15.785194613339282,0,1.093
82,5,5,2,7,0,0,7,24681.51734843,2934851.4372985214,29.17466779069744,11.5103698877653,0.5697993425941773,1.069
83,5,5,2,8,1,0,9,17028.7287752,765563.8885678517,0,33.495125544093334,2.1906609132257797,2.967
85,5,5,2,3,0,0,3,7213.839416917999,838727.0918615883,0,46.503404499122865,0,1.254
86,5,5,2,6,0,0,6,54114.33432911198,1734566.4815704757,13.61803061773493,30.560291579321635,0,6.514
87,6,6,2,18,0,0,18,48408.278817096,733244.8976279658,12.77717921673103,24.046649672644392,0.6508608977099644,0.566
88,5,5,2,14,2,0,16,43738.790493490014,1370433.58267501,11.477320955342572,14.69312824497079,0.07044638322090076,1.979
89,3,3,2,41,0,0,41,49603.805119979996,1609129.2837880359,14.501004018456323,39.57244139966989,0.8923856887319723,2.204
90,3,3,2,9,0,0,9,16153.8714224,2779914.178695167,29.344292425251506,49.60738201350705,3.193011132870463,1.056
91,4,4,2,5,0,0,5,22487.119135680005,2775663.164891779,12.578360872725987,53.02545811783247,1.762715113519306,1.749
92,4,4,2,9,1,0,10,8300.478795192,1257559.0334881367,13.42213839642888,46.355465895671955,1.5480247267108118,3.776
93,4,4,2,15,0,0,15,42613.463819768,1678273.2052310803,12.19012736799878,49.82648696889543,1.551416204704458,0.923
94,4,4,2,30,4,0,34,34045.52225984,2972631.50174617,11.850836196659564,42.62569673391466,1.325676962062485,2.291
95,4,4,2,11,1,0,12,36095.835785368,1025681.5087682768,16.307519662881933,39.141656771009224,1.0507859604177396,1.771
96,5,5,2,12,1,0,13,13582.185155148,593273.2558334031,7.620710620336266,26.568835078481616,0.22799230988534766,1.881
97,6,6,1,1,0,0,1,10517.27963598,471158.6787545907,14.668070795827449,28.331614795383402,5.326665963424608,0.391
99,3,3,1,40,2,0,42,45819.12056303999,2346696.1346085947,21.681667653424626,35.7476826078715,0.8660544668542886,3.311
100,2,2,2,18,0,0,18,17990.52858078,5874414.540453332,30.071480304818145,64.82361480331427,5.1049048918675926,5.175
101,2,2,2,27,2,0,29,23715.32256168,4401167.806674395,31.897018319666948,64.76920706944,3.333774610893043,5.05
103,2,2,2,43,2,0,45,20355.784388599997,3630317.584679312,22.686363686165546,54.88016307704348,0.4424389975082539,3.774
104,2,2,2,7,0,0,7,8980.6928696,2846285.337649834,28.494735437104517,49.35101981780594,0,3.161
105,2,2,2,34,1,0,35,92389.27261397999,4974211.311371356,39.82176140535017,57.843272488790795,2.33496610585903,6.272
106,3,3,2,16,1,0,17,128808.70544894,4455630.059657606,33.88356392353542,51.06183899370209,7.6842691443337205,5.103
107,3,3,2,95,8,1,104,146286.34123389996,4423402.55568901,36.826245341714056,33.124577511393035,6.144564212411874,2.042
108,3,3,2,44,6,0,50,91147.02812485001,3928104.1230760943,13.809272875858039,34.95830485544518,3.8366743867329434,3.816
109,2,2,2,31,1,0,32,45506.312181178,3856874.0755856163,27.96996016544466,49.46605194372361,5.764785735046166,4.687
110,3,3,2,14,1,0,15,57687.41350141601,3853870.060172835,28.25369561998449,29.464715035439887,13.063920863979641,2.489
111,2,2,2,18,1,0,19,31867.943513899998,3920522.277414299,17.025173329011633,78.03830411934952,4.936522551638841,1.885
112,2,2,2,48,2,0,50,105218.73359129799,4512163.143289942,19.890788257717738,57.27106135788751,1.9678821937019517,3.101
113,2,2,2,22,0,0,22,40084.36845694,3527621.153187571,23.98224480100716,74.62715455459296,1.390600644399882,2.278
114,2,2,2,64,2,0,66,128756.49265163997,3189055.8956705476,33.83376203459475,61.8806582592164,4.285579706188851,2.143
115,2,2,2,73,4,0,77,174869.04995913996,4605126.328345848,32.31800732556056,65.07812540768208,2.603867266757361,4.703
116,2,2,2,30,1,0,31,56129.16336588001,8140232.632798578,29.370734036810774,69.99435872647844,0.6349072367107816,7.421
117,2,2,2,21,1,0,22,57078.310448599994,6438599.999319357,13.310532411933796,86.68946758806621,0,5.842
118,2,2,2,10,0,0,10,2097.4039561,4948855.366585218,15.535851275761924,84.46414872423807,0,6.794
120,3,3,2,44,3,0,47,104593.17039267998,2865505.5561025604,36.466706898587944,20.732741631450438,8.980554156795545,0.711
121,2,2,1,7,2,0,9,37341.68252332,3355585.6885965173,42.10771572620962,36.064567519195876,21.82771675459451,1.387
122,2,2,2,36,1,0,37,79010.95100110002,4791334.787856796,50.00531312173104,20.56543902735416,25.253555627599233,3.298
123,3,3,2,16,2,0,18,18904.73632774,3037445.0691640475,46.91753832867228,13.49561037111034,22.412577769590193,2.524
124,3,3,2,22,4,0,26,61022.42747541201,2979351.8641799144,34.19696823248239,29.081911354916066,11.036359550822857,3.218
125,3,3,2,39,2,0,41,38814.231606760004,2948549.3499601367,36.06273400022512,23.63578463695806,5.969839197364224,4.962
126,3,3,1,11,1,0,12,11738.22374414,3902503.751860996,31.828249622970674,17.038195086739602,4.8385160388663015,4.24
127,4,4,1,5,0,0,5,18938.884253449993,378073.73442108475,14.326091091632875,9.754909466692698,12.61089459344881,0.069
128,3,3,2,13,1,0,14,7748.99968288,1358364.7166730925,52.60591723193008,24.309950308733434,13.072869228172571,1.149
129,3,3,2,22,3,0,25,32280.509148049998,2716104.41627929,24.130700864120186,41.54172255612295,1.4790913095858906,2.368
130,3,3,2,19,2,0,21,19556.468886619998,1971119.8030853814,31.559601734534038,22.924503784778523,14.465880320411015,1.552
131,3,3,2,37,1,0,38,87704.85526275003,2219209.549978871,23.337848895582322,29.56930900739386,12.884289783879689,4.184
132,6,6,1,2,0,0,2,699.282876,842865.6704380728,16.343432355337285,23.146869727669078,0,0.587
133,5,5,2,13,2,0,15,32032.208354542003,368991.43401001306,11.933684350327084,38.6595998077009,0,0.68
134,4,4,2,15,0,0,15,43938.52333590998,1032892.8233334161,10.04904783334827,43.481948519488064,2.0738979053728244,1.069
135,4,4,2,7,1,0,8,44959.127727359984,2782158.645250281,31.99542387078428,48.252787841546066,5.439999482895559,3.77
136,4,4,2,13,2,1,16,29829.965467669994,1242441.1436459431,35.63290505676224,36.97967692886095,5.827980794624661,9.995
137,4,4,2,8,1,0,9,22339.028195370007,1700152.2704978918,3.6373011431812206,30.71551840678452,0.09366880976452174,0.959
138,5,5,2,14,2,0,16,44370.648999174,1528266.1180785808,19.4749253407764,34.679506803137635,0.15414333246314008,1.781
139,5,5,2,8,0,0,8,40125.515067884015,1619904.806646161,1.3935308837486615,17.539949391945242,10.269224781538526,0.812
140,5,5,2,10,1,0,11,52065.28262107202,1998199.136549453,12.169866852448258,28.145843322525447,1.0545770310722238,3.623
141,5,5,2,7,0,0,7,20652.023941043994,1399360.307776584,26.85809658058231,38.57214511486967,0,1.083
142,5,5,2,5,0,0,5,16621.459705480003,2527941.485406,60.867102153166876,23.623410615930716,0.22045911433774046,0.748
143,5,5,2,4,1,0,5,74231.51124346201,801874.6106589979,12.954093065666408,27.468365393173656,3.2736615441049652,1.252
144,6,6,2,27,2,0,29,64091.19101720201,1627100.496768844,17.609983420003683,18.064119883101938,1.8901455051669416,1.439
145,6,6,2,10,2,0,12,41448.36368581001,1491569.075602068,23.45834388270168,18.787938001638782,1.241974053786799,1.081
146,5,5,2,21,2,0,23,48571.31361381999,1491890.3628176597,21.44124193339297,14.898257351821023,2.8091095784294073,1.639
147,6,6,2,33,4,0,37,113904.39387485599,1973839.1617356574,19.879479233119937,32.95521546269584,0.8088338068485279,0.841
148,6,6,2,12,2,0,14,31481.670722310002,1838179.2912516394,19.756476262532544,31.94779655109206,2.4151420634463716,1.706
149,5,5,2,6,0,0,6,16948.898537919995,1019876.0290160762,18.53504188435801,13.352476493815743,6.126591431867492,4.711
150,6,6,2,5,0,0,5,9834.30813922,2938111.7746553496,5.0300869251906715,17.795558610371458,16.80328562654366,0.865
151,5,5,2,19,0,0,19,39650.78979657,376586.78546564636,10.709279106326562,11.644447756268123,6.3275940432945825,6.239
152,5,5,2,25,2,0,27,47456.207743221996,1215757.1928305929,27.7603370794104,28.463184048436002,5.828123225954021,6.207
153,5,5,2,18,0,0,18,52419.156295930006,593933.8144458707,13.481453052546962,23.7262693933073,0.6326075744661676,8.157
154,4,4,2,5,0,0,5,9517.5640491,2157173.7897879938,1.6448529160050078,45.64300264848371,7.75904776387447,1.647
155,5,5,1,19,1,0,20,78373.26007662203,390189.72768694756,17.958746535100012,50.634840085185495,4.782155938508063,2.632
156,6,6,2,2,0,0,2,3396.9816606800005,481509.7263123342,32.51182658267327,53.952756664069135,6.1763425285669795,1.864
158,4,4,1,11,0,0,11,3764.5447059999997,40446.5590642815,0,5.313667788205309,20.134170366455738,1.461
163,5,5,2,20,2,0,22,55917.67248708998,1311942.9023445356,15.168035416535396,25.67067646114912,5.283488249124397,2.099
164,6,6,2,5,1,0,6,36646.921366560004,1431944.2844273802,21.018000952363465,27.96524312572508,2.3745913228487385,1.451
165,6,6,2,5,0,0,5,28844.79079655,1203166.205832536,33.05981274108855,10.611740230744918,8.209200749181075,6.151
166,6,6,2,6,0,0,6,13222.911206329998,1725579.0937441313,22.609960499478184,18.18572650157309,17.78215024055855,1.481
167,4,4,2,45,3,0,48,103415.74371400403,780767.773658802,21.578239222391666,17.213317980611077,0.045944356286037866,2.95
168,4,4,2,15,4,0,19,41908.993335718005,784081.640120988,16.005733686710073,18.468873108620144,2.8542238325814377,1.169
169,3,3,2,5,1,0,6,10950.428700189997,1248753.3398355036,8.90425853500357,17.017358773163554,3.3686960066506035,1.573
170,4,4,1,7,2,0,9,16263.775686452002,764217.9087975954,1.644793279468869,17.74343356944002,2.1229768234225026,0.458
171,3,3,2,15,2,0,17,16428.678089966,2212777.9532042807,22.422401371635644,40.60274933677392,0.7118129726652583,3.361
172,4,4,2,29,1,0,30,75927.04509487603,1239920.7893215776,23.71126152589159,35.649992648851914,4.652278100575198,2.107
173,3,3,2,14,2,0,16,21839.656740961997,1052248.9681595312,32.67362238421034,17.144116244117274,0.3156020643362873,3.074
174,3,3,2,2,0,0,2,27464.328675100005,3564832.5993099418,53.766445401052096,46.23355459894789,0,3.989
175,3,3,2,16,2,1,19,32074.365278510988,2533478.416702688,30.153631636656336,29.98038750565334,0,2.101
176,3,3,2,28,2,0,30,71586.84059144,1702295.0042920427,33.67284293057256,23.146049936907232,0.783437437918422,4.384
177,3,3,2,4,2,0,6,16466.313996279998,959734.4113587254,9.216516315876826,27.002541252315464,5.612925403895919,2.201
178,4,4,2,20,3,0,23,100853.70686602002,1331686.066179299,10.103448941010544,13.035531837141784,18.43077926654944,2.315
179,3,3,2,24,1,0,25,61058.26461101601,2122302.0242383364,24.91215571860258,35.7827653868408,0.42351489780100565,5.146
180,3,3,2,44,6,0,50,60332.332824999976,2115414.1855249736,15.32602752611982,27.48419767165997,2.0683266004394194,10.535
181,3,3,2,25,1,0,26,59291.47434796998,1305662.650649442,22.707712466884953,21.228961570222367,2.0279095108694594,1.692
182,3,3,2,26,3,0,29,22117.233898662,3326845.6198768187,31.872318351459278,52.27127379022933,0.3251843530805433,3.639
183,3,3,2,9,1,0,10,22105.724398160004,2593203.077600721,12.067050874030175,49.716091202672985,3.5659274441317197,2.623
184,3,3,2,26,4,1,31,23911.600708330006,2344045.6871286784,17.956599435319575,34.50641587689919,1.2259527374921608,5.428
185,3,3,2,38,2,0,40,64164.51151159999,3141659.768347619,29.994683524134107,25.62435704564005,1.1892269316087283,3.236
186,3,3,2,7,0,0,7,24145.25445328001,3775902.6328546423,44.714199181773886,37.463349239140456,2.03325744464599,3.634
187,3,3,2,66,0,0,66,93761.34555065999,2592361.892507032,23.49944430708801,36.801225119375836,8.330679572286442,2.052
188,3,3,2,9,1,0,10,33305.193939540004,4058688.545101042,40.37345130607986,17.432484889091597,20.279048383262808,2.371
189,3,3,2,16,1,0,17,41006.844687159995,4195542.268663653,44.95763960934433,27.173342621707132,18.55768861505571,3.35
190,2,2,2,28,1,0,29,63613.66961106,4652190.6415819945,26.90567829598713,56.846001276554425,1.0549368592054038,2.563
191,3,3,2,9,1,0,10,37390.14315867999,4216698.19470215,29.90619118520561,52.09870249543367,17.99510631936073,1.817
192,3,3,1,47,3,0,50,159929.8963976141,2306331.9007383143,9.839480800129708,39.1031350927861,33.673050677813535,2.982
194,2,2,2,32,1,0,33,112486.38789011998,4837097.041044763,33.85843608809795,59.489602571366575,6.651961340535466,9.153
195,2,2,2,16,2,0,18,52585.084907408,3678372.1829737043,30.828480479134075,61.54899187400677,6.905376586602621,4.866
196,2,2,2,51,2,0,53,17983.006115160002,3707499.4425779185,33.85193824512377,50.415294521286626,7.751282463292208,4.135
197,2,2,2,36,2,0,38,31691.771486209993,4912058.625933525,21.266437362091594,60.977161780088515,4.612658821560986,4.733
198,3,3,1,14,1,0,15,64133.20286713,3445529.0809214595,22.083094537515638,65.9801280015698,11.936777460914577,1.545
199,3,3,2,34,3,0,37,71926.39460901004,2610086.1119179996,34.88548503582276,33.360322489043746,3.975895531063457,2.333
200,3,3,2,20,0,0,20,39751.34912961999,3472366.5521338074,41.65953741301242,40.32320162605818,5.745639760020608,6.219
201,3,3,3,22,2,0,24,32323.979199360005,1278507.2960625254,34.887458614615156,33.345056542469656,6.670435702106262,6.379
202,3,3,2,20,0,0,20,30480.948849279997,3066000.6065912456,12.915790349408432,49.587140495492584,3.428521139421168,2.289
203,3,3,2,31,1,0,32,20177.74682786,3391372.232588242,40.84486561403941,47.32828891198383,2.4513047488122357,2.6
204,3,3,2,36,4,0,40,33089.741976189995,2477376.290335815,30.27861016549012,42.99499689353779,3.4800260876467206,2.743
205,3,3,2,2,1,0,3,7915.919270520002,2610415.958589052,21.073869270908673,27.95795180259099,3.270329526428604,2.73
206,3,3,2,5,1,0,6,22747.90126213,2946749.4647801663,28.684060326106987,38.834759872244064,1.9606379935202811,4.471
207,3,3,2,31,4,0,35,39647.535326688,2643995.5237770607,13.621981420726387,46.771511878509195,0.2605989918191029,6.085
208,3,3,2,23,6,0,29,26221.674404579993,1969796.4476756314,10.356212068087881,32.18441141179472,0.4088964452974082,4.282
209,3,3,2,10,1,0,11,8508.37569772,2705615.1116966614,16.27931404505578,40.124363110774866,1.6743070763574848,3.616
210,3,3,2,11,1,0,12,7746.5804311659995,2697724.588177624,18.61754489860072,41.51733810480726,0.9691354619237831,3.977
211,3,3,2,4,0,0,4,16435.50521067,2281393.684528293,17.859493370873412,43.71040493717703,0.34633123681065286,3.142
212,3,3,2,33,1,0,34,21435.92938554,3313879.182516272,29.707627453478203,50.14577391826671,1.0982287132504287,3.348
213,3,3,2,10,0,0,10,27893.883249420003,1274085.8843562484,36.95591158526279,21.150522895871642,1.5235286515191917,14.699
215,4,4,2,12,3,0,15,30409.562328676002,1942052.0035206857,25.128052336220723,19.509539329699958,4.796443626322368,1.854
216,3,3,4,21,3,0,24,20669.138606899993,2764712.2248747163,27.573220835572833,35.19127090648045,0.10302508035070751,3.123
217,3,3,4,22,1,0,23,19263.27691291,1904031.8205631294,19.6800906991572,55.94250380603075,0,3.647
218,4,4,2,16,3,0,19,71337.85102978002,2834644.6772739915,29.316498275580237,37.81799531829097,6.3122734606813715,1.062
219,4,4,1,4,0,0,4,8867.046237913,0,7.508808980071835,5.031409062161119,7.782204614897946,0
220,3,3,2,3,2,0,5,10931.081714955004,1236445.4781122296,13.66648044958843,20.713869057248033,0.46437099238666274,0.711
221,3,3,4,8,1,0,9,4540.457361430001,1784581.9290416315,34.13197830485031,45.70786938311573,6.903200026852967,1.989
222,3,3,4,15,3,0,18,25928.503560721998,1390544.7667600717,24.230857250710873,28.81372419928881,2.632943219831291,4.086
223,3,3,4,14,0,0,14,10689.749529100001,890282.5912621738,30.344048204998046,21.564890340623556,0.4489844818238794,5.658
224,3,3,4,5,1,0,6,10103.867295020002,1063206.702301527,21.087023980954612,26.792023713609602,0,1.858
225,3,3,4,16,5,0,21,10629.821995832,1316340.2597318455,27.101727899930246,22.564064577226638,0,2.759
226,3,3,4,6,1,0,7,11197.21331919,948720.7109394182,12.945683596326305,40.71450823139088,0.9600887970043666,2.77
227,3,3,4,28,1,0,29,21845.265387461997,1066775.1527375346,33.118074771644146,43.33389874761149,8.970022782072094,3.517
228,3,3,4,12,3,0,15,12964.52703222,985184.9274257233,34.26899517098042,16.557114454834068,0,3.252
229,3,3,4,11,0,0,11,11774.347436118001,1196775.239302882,31.95768661639391,31.159945552991335,0,2.223
230,3,3,4,19,0,0,19,40580.32117893601,1124568.8566898569,35.60535506279475,42.384501101748235,0,6.46
231,3,3,2,8,0,0,8,16416.242471359998,704516.7267209834,27.24875995464318,34.34587654966635,3.4575809948268246,2.568
232,3,3,2,4,0,0,4,9998.85829612,734074.0368501309,29.60881926708934,34.07996078462339,0,5.005
233,3,3,4,2,1,0,3,11069.447317279999,1539658.6923186013,34.51090354017631,51.11392867864753,0,2.401
234,3,3,4,14,0,0,14,25621.3626946,607206.681004526,23.475066072235943,31.846477995934148,1.8355864052478337,7.382
235,3,3,4,10,0,0,10,24562.486509699993,1261398.8142334265,41.707983085810355,22.905723265302655,0.4338591743002723,4.412
236,3,3,2,11,1,0,12,6895.17193289,1708688.9738832929,54.718148471637306,30.861904127831984,0,7.503
237,3,3,4,6,0,0,6,3082.47133154,1613025.4529750445,25.466331823049615,33.1614767130111,1.6555843145389684,2.482
238,3,3,4,1,0,0,1,10203.540345981999,1745265.9711855142,40.209426001664816,41.23562260139531,0,1.81
239,3,3,4,24,2,0,26,41708.62436701799,1015434.6323545055,36.81220380859194,16.526748897163152,0.40620156261500767,4.447
240,3,3,2,6,0,0,6,25691.12482817,1073009.3764544681,40.32208355829929,10.03433986188607,1.054133709357476,3.261
241,4,4,2,18,0,0,18,62396.79740758197,756521.9199049657,28.687185956058787,22.022652986818965,1.2364127218044374,9.273
242,3,3,2,8,0,0,8,45734.828676466,26036.113784985202,38.74580662297304,11.955170043616226,0,0
243,6,6,2,10,0,0,10,9608.655170498,943084.8291697938,24.943083581789995,30.426167287797217,0,0.907
244,6,6,3,11,2,0,13,16802.309098414,1326111.3078429003,21.80422565223913,31.43525864696369,0.7727178801024647,0.964
245,5,5,2,13,0,0,13,35988.28255825,1338707.9843127194,43.95760112565838,24.067704706691025,0.6733941273382231,1.923
246,5,5,2,6,0,0,6,53587.781761707985,539304.5278048909,53.65529678073545,28.367630416341633,0,1.681
247,4,4,2,48,2,0,50,102008.58932080404,571278.6307234498,30.65828441725425,14.669441819113432,0.3129649322400295,4.502
248,6,6,3,6,1,0,7,25117.151917884003,1678540.4242793277,33.01292658893588,34.46999547167131,2.6960579073504256,0.821
250,5,5,3,1,0,0,1,22598.606896064,1108718.537351507,21.243493582754567,26.482906085331877,2.6440061311371656,14.777
251,4,4,3,6,1,0,7,18928.185813360004,2609018.6654035067,35.13609012728758,33.35035085837705,3.5446360976946374,2.745
252,5,5,3,11,0,0,11,58924.75237243801,2371276.450486033,38.19888015477116,45.84087324578151,1.0994562934938055,1.241
253,5,5,4,7,1,0,8,19862.932087240002,1017730.4211196322,36.27780439953685,33.42368837742243,0.545415712506002,0.901
254,3,3,4,23,0,0,23,75239.34562835003,294537.1981408082,23.829187834517857,14.519702421439696,0,7.97
255,4,4,4,56,3,0,59,120795.87758092402,1741594.4067164285,39.34347410910919,18.41570577605484,1.925604161086373,6.226
256,6,6,3,3,0,0,3,15174.115431370003,929921.0284721727,13.49387040092499,39.03198714451136,4.220668779491587,1.514
257,6,6,4,6,0,0,6,19812.823524944,1698853.9335757124,11.997012035279981,31.70456428244463,5.954483188100382,1.866
258,5,5,4,20,0,0,20,81179.432979932,475712.5574323214,35.81898857478672,21.015842044392947,0.3204671930533053,13.037
259,5,5,4,24,1,0,25,78755.04562653201,721108.1789995987,16.103506780656303,18.158541085359193,8.481592531623733,8.024
260,6,6,4,1,0,1,2,6008.701974829999,1427532.810610162,24.428549921530283,34.17377642906301,3.1434966367836648,0.545
261,6,6,4,10,1,0,11,32072.775794379995,1056135.057484579,25.492630491880526,23.964463894460884,1.247023592759738,1.331
262,6,6,4,1,0,0,1,15042.252652129997,1435551.5407686909,18.532139768945395,24.934065652875574,5.357342465299758,1.061
263,6,6,4,3,0,0,3,8703.999845260001,1167953.9600456338,40.16938916468341,15.870347122614717,5.869782210564097,3.809
264,6,6,3,12,0,1,13,8133.04010093,2120316.4497068403,3.0063813094677823,36.97795656644342,9.321670361611336,1.487
265,5,5,3,8,0,0,8,4026.0524832200003,124702.51664630615,9.340287811731299,22.9838066721353,6.429151976171718,0.72
266,3,3,3,1,0,0,1,1963.4594477200003,1633493.843980103,22.505016638274327,40.82559250812609,21.28101311889314,2.597
267,5,5,3,1,0,0,1,2535.04992265,510316.68727797695,27.382534831068543,17.926212958007845,9.42169508236736,0.083
270,1,1,3,2,1,0,3,4016.7524752599993,949837.8213757976,15.525031575008255,61.82856534495227,12.395192377017445,5.774
271,4,4,3,6,0,0,6,72751.46506313099,573674.112940479,5.500266648351191,40.28588100315743,0.9976732811259758,5.168
272,4,4,3,16,2,0,18,36814.245664812,2284924.98272957,25.97338077124771,18.710774399225404,1.4324993664330503,0.896
273,4,4,4,11,0,0,11,20474.735842936,2794012.0250168527,23.549269795462436,38.34008258608191,0.9628687878583734,1.002
274,4,4,3,6,1,0,7,35440.725589040005,2332541.187822088,17.738590221894558,45.55930309031771,2.028863840942433,7.844
275,3,3,4,112,6,0,118,139253.6974866481,1783812.0216553072,26.6004222808915,16.143224242907515,0.2116329342791595,2.432
276,4,4,4,95,4,0,99,220083.95214810176,1681706.8860318472,21.423058755494427,11.806764532009524,1.0046927543918587,2.597
277,4,4,4,20,2,0,22,99656.75992060198,2579968.047627354,12.965362178823128,24.731064460064513,1.060022943002272,2.042
278,4,4,4,9,2,0,11,30331.100003762,1835319.000510947,29.895083086952663,41.71962958709421,1.3526035828935377,1.55
279,4,4,4,25,1,0,26,66781.381093122,1888760.9068197277,40.73959440060777,35.0285372157593,0.7300795003130047,2.578
280,3,3,4,16,1,0,17,46105.64109493199,2499687.339895665,53.594570997742,5.18671027950278,0.3682092157633968,2.856
281,3,3,4,18,3,0,21,56786.76901429596,1743979.7625888598,36.600756196782505,26.995434900994812,0,2.679
282,4,4,4,15,0,1,16,34061.59819177401,1560028.895078056,46.24917516789726,31.02454231888298,1.048424309077679,2.374
283,4,4,4,10,0,0,10,20031.304457399998,1090167.929715192,25.108552536140756,34.953461613218614,1.386930223148549,4.596
284,2,2,3,1,0,0,1,19280.213585259997,1257298.7402320213,28.405816502860066,22.587316315605737,6.982980835490842,1.868
285,4,4,4,5,0,0,5,17156.15367103,1766876.0339460867,51.778750919453934,34.63914183635761,0,2.412
286,4,4,4,20,0,0,20,60461.06764560801,1374497.0417139214,50.49674042939343,21.106114830412732,0.22783130754556935,1.983
287,3,3,4,15,0,0,15,49856.500373541014,2216061.3921832875,61.33980952922956,38.53518102700313,0.12500944376731157,2.491
288,4,4,4,22,4,0,26,27824.740482184006,2354741.5440762993,13.607456206586043,27.793728387953198,11.017382095500956,1.077
289,4,4,3,14,1,0,15,126136.23402796498,0,11.959751795465422,6.444632208476905,4.626400549863828,0.663
290,5,5,4,12,2,0,14,37473.804833040995,2218196.3243134036,18.54636569128137,26.61898157954738,15.250228686086016,1.044
291,4,4,4,5,1,0,6,9769.778914379998,1898464.2300610975,16.074292616691928,20.40759307354636,5.9834649065177326,1.358
292,4,4,4,16,0,0,16,19929.535286064,2321472.3873856794,16.995092696978613,19.018353685551592,3.784071088483503,1.103
293,4,4,4,3,0,0,3,15058.373246700003,4587408.079041796,32.78560693260621,10.006055008886012,0,1.61
294,3,3,4,4,2,0,6,82043.618089196,25828.291044952755,35.033010709023756,7.323541251853308,1.5622478849265016,0.934
295,4,4,4,12,3,0,15,15262.505579551998,1086280.8443321043,30.761943608869906,21.97658954132167,0.23881967681017227,3.413
298,4,4,4,8,2,0,10,25982.18091204999,479429.37878003495,16.790636154805295,10.334799982731825,0.5568291883003803,0.605
299,3,3,3,9,2,0,11,133642.710416876,173050.74112261424,8.803929963428054,16.67800307881731,0,11.71
300,4,4,4,31,0,0,31,54186.892692304,1021950.5387501998,18.303769866797946,20.51255140632732,1.862905621220681,2.022
301,4,4,4,27,6,0,33,65860.00360515002,1818464.4829585445,22.469560436580256,27.149882416628063,1.0000934037045903,2.611
302,3,3,3,57,7,0,64,57143.05588656198,52140.69736585587,15.716572052508884,15.671157671755639,6.208719660467083,8.42
303,3,3,4,9,1,0,10,24892.87509655999,3233883.24418401,19.63292050952629,37.45267737135539,5.949681859874017,1.751
304,3,3,3,46,2,0,48,61124.82002029399,11333.016778909787,2.7862537243857064,8.837646289218435,2.1008642738056165,0.193
305,3,3,3,21,0,0,21,17807.72517536,913514.0029325972,10.560842132880465,8.581543858633092,0.46470726173634885,4.575
306,4,4,3,41,2,0,43,53844.65719070003,189618.40435354278,30.81498413039218,8.436578561215436,3.1486425372047586,9.437
307,3,3,3,6,0,0,6,8566.2309926,549342.8028295711,34.31627811390177,15.242093372539522,7.021001934048836,0.327
309,2,2,3,22,1,0,23,22584.5539394,1543823.3625278627,48.47219743731148,34.92563212470238,2.602099345891637,8.543
310,3,3,3,45,6,0,51,68380.58207318,1231770.2482409144,29.98481267737876,28.655392134880486,3.396749019800995,10.967
311,3,3,4,35,1,0,36,67980.10361136001,3010167.514315617,41.13174669617247,30.26320873924974,5.412764699572881,5.663
312,3,3,4,22,1,0,23,36070.335507120006,3724215.2283118945,61.00952262572752,27.99228567392509,2.2075106993102342,6.677
313,3,3,4,56,2,0,58,77560.95695892604,1710796.9296928782,67.5505739588825,32.082854575495496,0.36657146562199927,7.835
314,3,3,4,44,1,0,45,76324.69048436004,2636755.319611704,47.273892161520465,41.44426245335788,1.1230037429868505,4.263
315,3,3,3,22,2,0,24,32322.132358319992,2056289.7886072209,69.88080487991121,29.130406391311915,0.9887887287768826,4.042
316,3,3,3,13,0,0,13,46213.21360908,2416992.73195387,38.596990823220914,41.94634728532544,0.5490810838485556,2.975
317,4,4,3,27,2,0,29,87432.48749032398,3015580.3891298617,48.97285113429158,15.875243283867507,1.5156103521163187,1.58
318,4,4,4,23,2,0,25,26154.02286701001,1667858.339694743,30.59241755520825,40.154181822570564,2.7015857058258446,2.082
319,4,4,2,22,1,0,23,27534.41568413399,1708177.7467954857,37.91690382183534,26.965460263575697,7.6175509434825255,2.832
320,4,4,4,6,1,0,7,28614.844863694,1443254.006494064,30.869016172106583,26.34383279745901,1.7820674853461096,1.84
321,4,4,2,11,1,0,12,32094.923530429995,1487973.7357738628,29.699118966856986,20.977036799181842,5.035801229790097,4.501
322,4,4,4,47,6,0,53,136360.93713977298,2290174.564302441,25.751556049466572,12.589518729013802,8.273224771743063,2.543
323,4,4,3,14,1,0,15,19264.872497399992,2484257.255747182,24.54183401914292,43.08220899469769,3.2451167977474946,4.366
324,2,2,3,44,8,0,52,39007.78117199599,23610.01348314579,35.28176911573835,21.034009490721132,0.6128480649728971,7.46
325,2,2,3,14,0,0,14,24665.737165981995,34319.63431416645,26.597640327968293,0.859962297675306,0,16.572
326,2,2,3,47,7,0,54,40537.5168852,32065.783551754925,31.968041396459878,22.998954137181084,2.4544235571584907,12.284
327,4,4,4,23,0,0,23,86593.560839634,473813.4749890878,30.283060797216894,4.755765282600019,2.0740493252339713,0.034
328,3,3,2,23,3,0,26,30223.68250701999,1000936.1122471998,12.763564419076175,34.44653499808288,3.8710705412920237,6.178
329,2,2,3,18,0,0,18,3739.892780400001,162907.27542262746,8.931152226072388,11.366567655729861,0,0
330,4,4,4,11,1,0,12,21610.428608126,2380670.913368637,28.931798589220058,31.272686037976495,1.9943179092845826,3.239
331,3,3,4,2,0,0,2,5147.22024468,37228.885142048464,6.12104490919513,9.382214042709878,2.0433803339288135,NA
332,3,3,4,9,2,0,11,17368.213717810006,68897.39330140424,26.939900480323924,15.247898435558835,0,8.879
333,4,4,4,7,2,0,9,19283.026427922003,1508056.260293893,25.64880634019141,32.0804929527429,0,2.147
335,4,4,4,30,2,0,32,27384.305821869995,1871233.396236856,32.912232683112926,22.695353939830593,0,1.504
336,4,4,4,8,1,0,9,17127.474537480004,1526754.6859904383,14.197726006844459,23.085963657334467,7.186315456233945,2.097
337,4,4,4,9,2,0,11,20810.275551370007,2340657.5813524215,30.942426917096945,13.017936683086278,2.636009511477918,1.458
339,4,4,4,17,2,0,19,17394.362957665995,892150.9549816054,33.01983192901232,17.567130029749148,10.288067774998432,2.528
340,4,4,4,16,1,0,17,31628.880803563996,1543447.479423018,60.19676827908052,15.766973842049078,7.001490163597694,1.092
341,4,4,4,13,0,0,13,52785.35128667603,511428.32749315037,47.993475593508236,38.028168379991186,0,3.847
342,3,3,4,20,0,0,20,41886.640064691004,871174.0191968301,24.159667900606195,13.269830296610142,1.2238138344701124,4.08
343,2,2,1,4,0,1,5,22268.739591352,3707.2517682626712,24.11355481186588,53.41213874687577,4.473013111472344,0
344,4,4,4,17,0,0,17,51766.14555172801,883677.5919465416,46.414016428396614,28.055517372278526,0.47822505486877154,4.835
345,4,4,4,13,0,0,13,65755.15376351199,2763992.188978952,20.140460274134252,19.278647502105393,0,1.876
346,3,3,4,4,0,0,4,13631.004698976,426236.9661274945,28.707560317195686,27.762011522638975,1.1415701469649098,8.227
348,2,2,4,8,1,0,9,8949.030247877003,3919150.2861954193,36.132907032964056,61.94301362065977,1.9240793463761614,3.18
349,3,3,4,6,0,0,6,22379.625884279005,1613230.3265440254,44.18071402183702,48.18210167540106,0.563876726487334,0.954
350,3,3,3,5,0,0,5,9356.457635052,543314.8348009055,13.581889377301959,22.132279516744948,3.2770652362332937,2.252
351,3,3,3,20,2,0,22,96007.00368496697,702960.6810105316,22.16296221216696,34.54834800500436,8.831428828659721,21.135
352,3,3,4,11,2,0,13,19997.58855131899,714450.6261281159,49.084328839320314,9.105416957788904,3.8583907317435306,4.478
353,3,3,4,14,1,0,15,17721.381344296,1714457.379256379,14.671666080059973,23.35468701055295,4.0464318059739535,4.319
354,3,3,4,30,1,0,31,107043.91231543002,1422464.7728163253,23.185198129261657,19.862111228277556,8.729427720725637,5.784
355,3,3,4,108,4,0,112,65901.98935708,1739065.3140227555,11.54484242300736,17.146606011948037,6.704584455299624,12.286
356,4,4,4,7,4,0,11,14654.021233869997,1433316.522938686,23.54320291164727,29.97236441254618,1.2930452741259824,1.461
357,3,3,3,6,0,0,6,16007.13701161,72387.33522542779,37.18767781046661,9.028334734510135,1.1608656405966618,1.904
358,3,3,4,6,0,0,6,7923.87422585,1196320.2563719938,12.003336134427324,46.404174577076695,0,2.277
359,3,3,4,18,0,0,18,12063.665717786,1975433.3202234993,57.49808764541693,42.50191235458307,0,6.066
360,3,3,4,13,1,0,14,54242.96538348401,1874756.510476548,19.511980286912934,35.6661191879441,2.9758866354980333,3.757
361,2,2,4,44,3,0,47,16531.208386849,2032627.6486569336,19.5087141462115,39.54245825405617,0.7311546196130869,12.939
362,3,3,4,22,1,0,23,20055.523864922,391735.13828033354,31.858251763461944,22.82718240463954,0,3.737
363,3,3,4,68,5,1,74,75534.213488718,83995.4915723432,25.368153549539745,23.023941704799892,0,13.9
364,2,2,4,25,3,0,28,52496.93387597801,472734.46461603505,26.611505665964092,22.398175066407173,0.3757624750207445,5.009
365,3,3,4,8,3,0,11,11867.56093418,29209.354201783164,2.6530107030218195,20.244788189473766,0,2.563
366,3,3,4,11,1,0,12,6829.902658049999,860938.2317151369,1.854928369790517,47.64232921430276,0,5.152
367,3,3,4,20,1,0,21,17948.050693213998,73503.39009822378,7.539097630578327,19.0392692868677,0.10341087838411767,13.519
368,3,3,4,29,2,0,31,27280.532649639998,27206.890549982087,16.097278982497425,7.876662680906003,0.7639983709858781,12.593
369,2,2,4,7,2,0,9,16651.175213160004,56566.529098917636,20.769153007807375,14.896608944019071,0.7660304343165175,2.346
370,3,3,4,26,3,0,29,38549.92644317001,116094.04761823418,18.37390789077343,28.317328246304296,0,5.037
371,3,3,4,32,8,0,40,33940.10654096801,151652.73919742712,27.1252438691884,22.421373723731154,0.5004063336766529,8.173
372,3,3,3,8,0,0,8,24645.48282814999,2318417.3813221157,0,37.977213884949016,1.037282782397583,1.202
373,3,3,4,25,1,0,26,27946.18280566801,3099866.6657549026,5.74923815946003,35.041530811946735,0.49262724505707267,4.321
374,3,3,4,23,4,0,27,29114.40152739,2326902.9550916553,14.200953380508134,28.72455011437986,1.6665929409869817,2.611
375,3,3,4,13,1,0,14,27642.148319300006,90605.64217844325,12.122625923010782,2.937224959849116,7.9240105424109215,0
376,3,3,4,5,0,0,5,1515.4034949000002,4010694.895806484,19.463251482052137,55.20243939836625,6.687462142982156,5.485
377,3,3,4,13,0,0,13,1639.9830449800002,2966344.3702163924,2.653477625929156,49.12095072305449,0.7829013427088074,2.116
378,3,3,4,11,0,0,11,41046.15652715998,2981202.5052871597,37.742020767905835,49.18132589759795,0.1702457407149496,2.324
379,3,3,4,4,0,0,4,28990.117759659995,2877803.5719825523,37.250132823221996,47.53560033305674,0,2.679
380,3,3,4,14,0,0,14,28540.36398564,2100844.5362388613,28.519789393375145,32.55090128418256,1.7683795378150338,2.96
381,3,3,4,47,6,0,53,27668.920740994,1184477.1692951673,28.830955691779703,28.268933359911504,0,3.582
382,3,3,4,35,0,0,35,69493.08921235,3007421.2051047334,20.339868084337535,36.92850278698751,2.0527260331039794,3.473
383,3,3,4,7,1,0,8,345.10775764,293489.96552305087,21.247964797493502,0,13.46934972011542,3.145
384,3,3,4,54,6,0,60,102563.82920111205,273703.158781294,18.31963869254055,14.41076811780721,3.4052562003825635,12.374
385,3,3,4,17,1,0,18,22184.434970164002,21572.15099516436,21.184302808452816,17.17359501839959,4.988010590827561,10.635
386,3,3,4,46,3,0,49,55032.84168575604,2022600.2354524324,11.586948752313397,48.44724456449892,5.39085116235143,2.155
388,4,4,4,14,0,0,14,9414.97514556,1874682.495236499,9.286416993075399,37.97823245017136,0,1.087
389,3,3,4,109,8,0,117,138159.4115621999,1780634.1264095998,22.89453181640647,32.48790694335839,2.381362391408164,2.12
390,3,3,4,11,1,0,12,87718.20634763001,2533353.00563763,31.09115382954509,64.22627464598001,4.6825715244748904,1.577
391,3,3,3,16,0,0,16,54574.06679483999,3482747.0351469987,17.87384427631281,43.631927865267556,10.637003745717358,11.457
392,2,2,3,5,0,0,5,3852.923024224,151210.21321622975,18.55064145646777,4.446653535762239,5.638551574645911,0.219
393,1,1,3,5,0,0,5,2639.62063578,75564.257064064,0,5.1233661556186085,11.871902711531272,0.345
394,3,3,3,11,1,0,12,56996.37444138,3425718.0124901794,20.2557907845679,55.439514308508784,3.351676534509197,3.257
395,3,3,4,16,2,0,18,19156.553182510004,1132459.4581758669,22.155814267681084,14.331916284727123,2.2432510755080792,4.836
396,2,2,3,18,0,0,18,70978.29170947999,2798342.912850276,0,63.68125375802784,8.678596303365802,11.999
397,3,3,3,20,6,0,26,12949.361241890001,2611842.4488618826,45.871992947941976,14.51251186830751,0.11788947545012612,3.548
398,2,2,3,6,2,0,8,37477.300113510006,1608189.4453169017,2.8422137676360775,33.69960165942019,5.506134173217534,2.931
399,3,3,3,27,1,0,28,36049.28868513,2627020.77027052,69.70130217606614,28.454694309876416,1.8440035140574373,5.893
400,3,3,3,13,1,0,14,40768.095056030004,4562401.858536414,31.29001808119039,20.180115691541907,0,3.657
401,2,2,3,10,1,0,11,28140.497451189996,1532210.592724613,55.14522177408535,33.39460282721531,11.460175398699336,0.913
402,2,2,3,9,3,0,12,33178.46827017999,395511.03315347753,23.382662060406037,3.403540334526165,0,0
403,3,3,4,16,1,0,17,12204.143347599998,3878608.7860067133,26.225139850981776,10.67991162959606,3.030494656826505,4.075
405,2,2,3,14,1,0,15,55940.45640062,2159122.0591156897,28.328515440719144,17.65945161605526,1.0448946369888281,3.172
406,2,2,3,1,0,0,1,4458.17230993,606046.7071543937,76.96561313818212,23.034386861817886,0,4.877
407,2,2,3,10,2,0,12,4936.66185152,472710.06234622945,23.801876158826822,17.65571100468268,1.5199208556723711,26.566
408,3,3,4,24,3,0,27,58608.79828727002,2963851.0322508737,9.262068020616725,32.38188346870745,0.5778116915485728,2.392
409,3,3,4,56,1,0,57,47556.54374101,1314592.2078617837,0,19.51050436960712,0.7168657796724381,9.961
410,2,2,4,75,9,0,84,80239.00739043996,3389321.7208327036,6.325308202404411,42.838941057953974,0.5434189443082099,8.191
411,2,2,4,78,1,0,79,56949.62631392,5157832.016124158,24.822822476241505,48.84620291961375,0.5739667230018004,6.158
412,2,2,4,14,1,0,15,41371.11161618,5371650.845261426,40.209425557154354,59.790574442845646,0,5.046
413,2,2,3,37,3,0,40,155495.81647277198,4699216.602340499,14.304236363509581,78.93394168721268,6.761821949277741,4.336
414,2,2,4,20,0,0,20,43965.84477794001,4025574.044527719,25.03683033421662,74.0481975253755,0.9149721404078826,7.834
415,2,2,4,58,3,0,61,48165.62390396001,4780042.878559148,17.030781805138627,71.16103002961773,0.09111093622860449,7.763
416,2,2,3,18,2,0,20,22710.408724759996,17252.607908133912,17.01360406255307,36.415503305608695,1.3671044860739172,NA
417,3,3,4,41,3,0,44,111841.91483174398,2340951.3649958125,34.57743887170302,29.055028696094915,0.30162623677239075,3.301
418,3,3,4,11,1,0,12,21349.89475002,3774626.842629321,82.83175852921408,16.303985249485127,0.8642562213007915,2.886
419,4,4,4,27,3,0,30,27493.158625663997,1310880.239971956,21.01769519987756,28.46547161070819,0.6297622901051794,1.895
420,3,3,4,30,6,0,36,31844.01951551999,1812080.4262294467,34.96830168691007,38.06819829568844,1.4138026163024677,2.051
421,3,3,4,49,5,0,54,38074.06535139799,1444789.409810591,23.665882677008693,37.46851292810162,4.331034131735512,2.23
422,3,3,4,14,0,0,14,44942.00040168,4682144.378568281,18.597564346344658,70.40733710628523,2.3078462225695846,6.126
423,3,3,4,76,7,0,83,68763.24063594999,1657759.5601495302,16.583124237052818,45.76082958413632,0.8369027154351899,3.135
424,3,3,4,17,5,0,22,12083.827640099997,1381962.2631019808,4.593692351510522,28.34922906882142,0.7860154288518991,1.2
425,3,3,4,37,6,0,43,23652.54218695,2284147.366065185,11.186228992607234,35.61031047030439,0.7235030034741843,1.821
426,3,3,4,11,3,0,14,34121.837631605,2098133.466405444,17.05071479403096,19.868792342625056,0.3103758991564119,11.37
427,3,3,4,14,0,0,14,40355.769195529996,2354236.5855677947,16.9289116173051,38.59709220022304,0.4237312521661197,2.294
428,3,3,4,12,3,1,16,11398.752870879998,1953689.6449033914,19.730392795033534,50.67520525511981,1.1250238877547862,1.996
429,3,3,4,6,0,0,6,9312.928596702,2708910.806825081,6.7114568403612935,30.836897611178358,2.3663507755312096,5.644
430,3,3,4,5,0,0,5,6216.6292844,2956542.1802040283,23.132312578549534,37.58773457929718,0.41240469088287257,1.677
431,3,3,4,19,3,0,22,9905.968047040002,2902576.059821841,12.925222770277287,44.50762375671654,0.2047814876188247,2.063
432,3,3,4,26,1,0,27,24564.035736263995,1764681.390995315,2.9923192741073055,29.476799061201064,0.9342726512865307,2.606
433,3,3,4,53,6,0,59,79907.59043489199,597449.8397742708,31.19881027120506,19.148540739549652,0,4.405
434,3,3,4,25,3,0,28,9508.066248619998,1766524.0568554897,15.787603732157043,29.098342111203806,0.8520805734727663,2.452
435,3,3,4,19,1,0,20,22139.039613893994,2086252.3423878786,27.849438462800997,34.20315896917219,0.40757532241195604,2.517
436,3,3,4,17,0,1,18,18469.134799349995,2229744.526603716,16.889652286033886,32.75105553958525,0.4764862463781251,2.312
437,3,3,4,6,0,0,6,19491.022447800002,2273808.3889840203,34.35461322733305,31.6488513578064,0.07588934056049453,3.192
438,3,3,4,11,1,0,12,19087.895308490002,2010280.220561815,32.83872212529711,30.277183681021135,0,5.512
439,3,3,2,13,3,0,16,12193.349672909997,2317937.920603242,29.38804424328619,26.954602608154758,0.37413952860777283,2.63
440,3,3,4,19,4,0,23,20231.281716670004,636546.1438332561,44.25558250971736,41.11759897099863,0,7.064
441,3,3,4,18,0,0,18,13878.981165854,758300.3444372804,45.66356208994763,21.057845073789036,0.22580327830490932,11.416
442,2,2,4,29,3,0,32,30483.256354344012,1121370.9246657179,12.1543599357236,32.16627750855641,0,9.373
443,3,3,4,63,9,0,72,53579.72120519301,367218.415147967,54.227305136739865,9.191578070814808,0,10.578
444,3,3,4,40,4,0,44,29534.121640053996,1028402.7597747863,29.005422308776264,29.319164888241417,0,6.53
445,3,3,4,5,0,0,5,7283.493054200002,1508190.7007007622,30.790639315424574,14.224493173631236,0.7773916493557347,2.923
446,3,3,4,35,3,0,38,47840.548046678,2797080.287970633,26.314536473621658,33.065443306288714,0.06348202241344031,4.851
447,3,3,4,26,1,0,27,72651.78335267001,1856981.0047637417,39.19984715173397,32.076205626471925,0.16029062550028494,4.044
448,3,3,4,2,1,0,3,3794.85017511,1407294.5694318397,10.856870108621475,30.016798041643433,0,10.291
449,3,3,4,13,2,0,15,24859.524090294988,1847989.296140661,23.34193633207132,34.07451525224302,2.42259531550916,3.191
450,2,2,4,20,2,0,22,23328.581420428,3963350.0378086856,15.408333538584406,44.59407792602666,0,5.554
451,2,2,4,12,0,0,12,8953.963647689998,375604.3419845695,0,15.053127630551808,0,33.122
452,2,2,4,61,6,0,67,32990.263024214,2555602.0285213706,6.042239533930883,30.6080027287323,1.1685493921274988,11.813
453,2,2,4,81,11,0,92,77699.94239026797,112659.66106034131,15.953805192900566,15.493831941259002,3.1038097778329212,14.65
454,3,3,4,83,5,0,88,147252.46030814195,866950.2107740868,11.063219947261526,15.151694459460611,2.245531338154724,9.946
455,3,3,2,79,8,0,87,76774.86297722298,525474.4933862824,18.01279659724606,8.29400840610231,16.938059040753124,13.219
456,3,3,4,15,0,0,15,129866.80226958598,1176557.9388269922,16.394041313450952,21.30148518280056,17.587553904936414,6.396
457,2,2,4,14,0,0,14,88516.29439530398,164876.7989308039,25.657558601038073,9.984680425285532,26.80349052695499,24.978
458,2,2,2,15,0,0,15,82475.41878284398,714407.6388205604,49.4113689290459,7.897444340870631,19.91763364123204,7.742
459,2,2,3,29,4,0,33,97105.06808758699,500789.440196604,49.61515482674134,14.934961886199533,8.531850425175955,13.483
460,2,2,4,10,1,0,11,14427.409584699999,2050083.714509042,28.916080352558666,18.139881672952512,2.389623959527929,3.953
461,2,2,4,10,1,0,11,11447.18104503,1391134.314523512,14.299150370794061,15.108871140141101,0.31199720658970626,6.644
462,2,2,3,38,1,0,39,39476.694001890006,2248580.4834673814,43.04201432217975,27.160301209628035,0.9120545383070227,9.463
463,3,3,2,6,0,0,6,28717.898904768,1690671.815796487,29.507601464703946,33.756030822909715,0,7.824
464,3,3,4,6,1,0,7,5838.067023793999,2783513.3524579885,56.73972600546667,41.70806228162515,1.5522117129081692,4.848
465,2,2,3,2,0,0,2,20927.978254719994,3002693.8338118945,86.15229762556751,12.98822322786485,0.8594791465676278,7.731
466,3,3,4,20,3,0,23,36915.46521525401,2547596.2394710868,42.10028707285631,27.321732968643463,0.19692900929995194,3.709
467,3,3,4,1,0,0,1,4106.86408671,1493989.1480286843,45.25983279930389,30.677461415524615,1.0876348690061692,3.155
468,3,3,4,17,0,0,17,17296.79553552,1778628.5542822836,23.215945485678237,55.20162537416403,0.1395186599432446,4.407
469,2,2,4,2,0,0,2,8801.284195819999,1802116.857821573,55.02653181253716,44.82538474840749,0.1480834390553571,1.352
470,2,2,3,3,0,0,3,7581.295248049999,4046158.425684285,59.66453014097157,33.699171525870334,6.636298333158094,3.665
471,2,2,3,4,1,0,5,35082.999382220005,3842185.755531777,55.088888961615886,42.29797924201599,2.6131317963681053,6.12
472,2,2,4,20,1,0,21,13131.664467140003,3218233.7413393087,42.23329812164324,48.338202592799185,1.248917789165346,12.922
473,2,2,2,6,0,0,6,23725.963092710004,3170575.645514836,52.93395459082772,35.97894059097905,0.7580243202423151,10.765
474,2,2,4,3,0,0,3,3558.63743476,2565977.989915658,48.880635184728185,31.59537208379803,2.0707867869942547,4.255
475,2,2,3,5,1,0,6,45799.39964697001,825589.9949503632,59.53618120405545,18.39969259715245,0.8235768724049488,5.524
476,2,2,3,5,0,0,5,11509.984609219999,315376.7123750075,46.29647802838307,15.185744947077934,9.502643403474076,1.279
477,2,2,3,6,0,0,6,65838.55176989001,821672.5965947822,22.572318880486762,32.18495803836884,9.170101084718628,3.702
482,2,2,4,7,0,0,7,15063.657918759998,3420562.281173739,50.16902266431475,48.95308822469053,0.8778891109947123,7.931
483,2,2,3,1,0,0,1,4093.197243540001,1587436.146699237,51.07329085612059,48.92670914387941,0,16.123
485,2,2,3,2,0,0,2,3624.4891245199997,2399750.8455174556,32.14266385715936,63.63020830698365,4.227127835856999,8.386
486,2,2,3,6,1,0,7,11274.284094369998,3354180.5440568975,43.13737356815527,52.91232624719932,3.9503001846454318,14.972
487,2,2,3,10,0,0,10,12832.445854623998,3927300.8505999562,42.39913327739153,50.05216944303299,7.548697279575483,11.892
488,1,1,3,4,0,0,4,12415.796745738,2173672.284425599,65.67576499273714,32.20409191759527,2.1201430896675872,7.894
489,1,1,3,4,0,0,4,9143.636181629998,709844.8664825632,68.3869327130131,25.413209106517765,6.199858180469138,2.182
490,2,2,3,5,0,0,5,26016.944924119998,1753813.4966419558,38.170041326714944,52.68688780335204,9.143070869933007,12.996
492,2,2,3,9,0,0,9,7786.167589059999,2410169.6996921115,14.617162069313828,62.037992562450725,11.24942715575748,3.608
494,2,2,3,1,0,0,1,7971.7715160299995,1132406.5874226822,21.660231233914978,52.14655306732928,3.1115952785057153,3.078
496,3,3,3,4,0,0,4,12327.31980859,1510531.3692207036,36.627676307763494,32.9944605467011,1.2715971145280078,0.672
497,3,3,4,7,1,0,8,12691.217894680001,1445624.6625064048,11.436799277426331,41.32377658133423,1.0680422957680311,3.945
498,3,3,3,1,0,0,1,2581.7064695,2014840.2908251078,70.95386320723037,29.046136792769634,0,1.325
499,3,3,4,29,1,0,30,35009.408437928,1009594.5127957573,27.610633042881894,30.126194391774284,1.3925550580851451,2.393
500,3,3,4,39,8,0,47,72857.54615064603,1849447.2694412696,30.220061013850597,29.739068868614343,0.1502056017206779,2.568
501,3,3,4,78,7,0,85,122575.06800079599,1166646.4105443466,51.073787684871085,21.312265672585493,0.9454455550203936,5.233
502,3,3,4,45,3,0,48,84053.71131290201,2045381.7072300313,37.08859634889518,34.15247253439796,0.699574277815948,3.426
503,3,3,4,14,0,0,14,18503.537146270006,1607623.5131147285,20.173787258213814,33.01934431400234,0.7693470347452682,2.494
504,3,3,4,19,2,0,21,33773.729082386,891395.3604902966,9.663918590757707,26.546917042407408,0.5485623288383258,5.152
505,3,3,4,8,1,0,9,19179.89289753201,328877.7002216212,1.7507278671866122,3.1996749439791397,6.84731895664014,5.557
506,3,3,4,12,2,0,14,36764.52586645,1597927.5535322095,36.52632031561491,31.395814057740495,0.9159362413855239,1.569
507,3,3,4,23,1,0,24,44377.91710574,2683362.539238862,34.33794127908485,27.564492289605948,2.04244724305038,1.245
508,3,3,4,10,4,0,14,9541.185721720005,1680563.7302567346,18.94246324721907,25.244564092192835,19.212100092317616,1.753
509,3,3,4,17,1,0,18,29840.214089120007,2502782.2783527453,19.68015711469108,36.857578913956104,18.312814232020045,1.621
510,3,3,4,8,0,0,8,3418.1824820600004,2950787.195742196,7.307152607911127,39.53192155294503,1.217404368813597,3.78
511,3,3,4,5,0,0,5,16103.810178769996,1982873.6401461684,18.114772438897266,38.667386361807246,1.2148422793431402,3.544
512,3,3,4,4,0,0,4,13746.312062660001,2438329.437621603,37.00371176232097,30.836377337929367,3.5112303183497287,1.889
513,3,3,4,35,2,0,37,43451.586859762014,2010981.5843583893,27.217370928966183,29.99302827118479,0,4.05
514,3,3,3,3,0,0,3,12742.616738612,2152955.955783074,49.457156887075165,33.558484562744155,16.98435855018068,5.498
515,3,3,4,24,1,0,25,36033.62336502,3368155.781467793,22.851144040865723,55.55550103032413,0.6010861130884846,4.932
516,3,3,4,28,4,0,32,18431.99897132,2586602.8591466425,24.231891175853583,24.027841643467912,1.185337332344213,3.517
517,2,2,4,38,7,0,45,80811.11889008603,2520656.248351774,24.00158518120846,39.325494586243956,2.006984538320455,8.493
518,3,3,4,1,0,0,1,7068.2136340160005,2194513.1338287177,14.444696802873155,18.144067893886888,21.175512641707865,3.326
519,3,3,2,108,11,0,119,55487.89102455001,1654773.3997163433,24.497755760123763,36.511004430205354,0.9239151731245907,4.942
520,3,3,4,67,13,0,80,73121.57429238001,1974212.6428840696,28.964186554403415,40.54034908347523,1.1417079549337963,4.12
521,3,3,4,20,1,0,21,17025.148482580003,2115040.010345028,29.07834389853582,28.782206678134294,1.663979619908204,4.111
522,3,3,2,71,9,0,80,101365.41348488,2241023.09722024,39.67108649052873,38.27439958993893,2.237773432339905,5.578
523,3,3,4,27,4,0,31,74355.391909184,2375780.3815378365,44.98431489127017,44.122577383807126,3.5964048655275227,4.954
524,3,3,4,18,3,0,21,54115.05211112399,2307410.561729204,35.8594880937996,30.27544715343895,6.831821482858243,2.368
525,3,3,2,51,5,0,56,48867.92392515001,2387700.1709767543,30.945200032336867,42.76900334809571,3.629475935519279,3.885
526,3,3,4,42,1,0,43,22219.888463664003,2778060.440172425,27.467357181883923,38.47948405450284,0.5589160330291105,6.192
527,2,2,4,80,3,0,83,54442.39007784001,4366017.630063158,7.665766448185369,54.8807480711653,1.168991753237037,8.732
528,2,2,4,66,0,0,66,116842.72957484002,4318506.44017035,22.630344353027077,46.21673215086371,0,4.21
529,2,2,4,40,2,0,42,130366.94553198009,4447227.4738654345,21.677636455585755,77.83153950373777,0.49082404067647045,8.024
530,2,2,3,47,1,0,48,106031.53317969399,4007640.155150149,10.510268831579324,44.96519998528486,0,6.147
531,2,2,4,78,5,0,83,89018.22419550997,3522378.0832623458,24.81598014247635,49.215487365914825,0.5096319035018322,6.738
532,2,2,4,24,0,0,24,36124.67485808001,4371449.755155305,14.862378039963398,49.89662698206311,1.6915165901124087,6.713
533,3,3,3,60,5,0,65,64661.51795561797,4772678.823890804,20.512877693506706,23.274117583245822,4.338860570231261,3.9
534,3,3,4,38,4,0,42,4087.3917157600004,3318324.6957867094,16.585853644255735,29.909659209164154,0.23090459772495048,5.022
535,2,2,4,39,3,0,42,94666.98951713002,3435516.2139628083,27.615432735197174,51.79059844206251,3.606443204695574,3.981
536,3,3,4,18,1,0,19,31552.4766513,2752538.4401006647,39.638894394896504,39.82191140809893,5.663693531517903,3.447
537,3,3,3,5,0,0,5,41542.11406760001,1643018.002380557,31.803669082511586,66.40289170405367,1.7934392134347439,4.43
538,3,3,4,25,3,0,28,41912.75657531999,2702519.00314897,20.717515012246636,51.143722815563976,9.53362363010086,4.202
539,3,3,4,36,10,0,46,35381.339917824,2551806.697132825,22.7601281692395,28.196040483507133,2.2198910111085044,3.467
540,3,3,4,42,3,1,46,23724.639449370006,1395222.8740449385,12.558983885193786,36.10571135053513,8.377585010137732,6.119
542,3,3,4,31,5,0,36,63628.03125964002,1556408.7489269453,20.0476975713138,43.9013533400138,8.936027253191446,1.921
543,2,2,4,35,4,0,39,76326.38454701002,3411583.113057282,15.093137437025113,32.76099933318463,31.136255005875647,3.504
544,2,2,4,104,6,0,110,89652.714521369,3317652.237656388,16.08154548092519,45.040935694350175,9.230742775846815,5.409
545,2,2,3,5,0,0,5,10923.37934242,2625926.9935752456,22.45680426855055,60.44641887614623,17.096776855303204,1.519
546,3,3,2,24,5,0,29,63482.6890086,4757371.806285781,30.76359540812956,42.9704097026771,0.39717182466128437,4.981
547,3,3,4,22,2,0,24,51131.627401542006,4313800.18757979,22.00519719904283,44.19626542432396,7.222215605794087,4.274
548,2,2,4,20,2,0,22,77669.99214359,2852043.058199152,13.722336796456311,58.72530408156437,10.18527307675024,19.112
549,2,2,4,5,0,0,5,14403.02146392,3553209.760695243,30.875189263237957,57.703417188673335,11.4213935480887,3.444
550,2,2,4,65,5,1,71,125840.53688919994,5338659.989397941,29.23751408073299,56.322088323740104,4.95885336906494,6.871
551,2,2,4,111,2,0,113,176611.760814476,4235703.36786002,25.50653471070552,53.20327138077735,4.195489524683485,5.582
552,2,2,4,22,0,0,22,24631.536510555998,5835715.784970072,20.16541517543116,72.41960870915146,0,6.667
553,2,2,3,22,0,0,22,154950.52797331102,3306164.8035444682,12.60759196887168,66.89652392722081,14.130079153020993,5.662
554,1,1,4,18,2,0,20,79015.45641754002,5504704.978041313,28.18874870195981,68.05753935250533,0.22564506271567078,7.198
556,2,2,3,32,3,0,35,65896.42128972,3959108.784523454,29.672811334602255,60.3102608449031,7.094154892175881,6.158
557,2,2,3,53,3,0,56,208603.08716647,4975556.712058291,27.54840374346943,60.53643645294953,11.915159803581043,4.756
560,2,2,4,44,2,0,46,233756.17893578002,4970450.305394653,24.743029228629997,72.69298606276917,1.9404636589326563,9.279
561,2,2,3,3,0,0,3,7446.16153856,851289.5660512255,16.666243681719433,62.82164008502008,20.51211623326048,9.569
562,2,2,4,90,4,0,94,132957.52904636,3644370.1886756266,24.37012854622487,56.481323725502975,19.148547728272156,7.201
563,2,2,4,60,2,0,62,35594.30404931401,4012399.2700044736,30.13164241931326,64.23895660848669,5.629400972200056,8.775
564,2,2,4,36,2,0,38,23260.770137880005,3614081.441013948,11.88982113258259,49.12875586744273,38.9814229999747,6.204
565,2,2,4,71,9,0,80,97751.01192236997,2519106.3023496536,18.29716634210111,49.275665586309486,21.591911789275425,3.554
566,2,2,4,12,1,0,13,41873.346133080006,3380893.589053026,23.905174110132553,61.55694559596281,14.53788029390463,5.062
567,2,2,3,39,2,0,41,92858.52450889803,2349686.014189434,38.0570439709744,52.274464990794186,9.668491038231405,6.22
568,2,2,4,31,0,0,31,29070.333201719997,3531433.7649373002,32.61254264461822,66.1808539664581,1.2066033889236936,4.976
569,2,2,4,48,1,0,49,205712.60838813797,3635304.63853522,24.287025592623472,74.03762506644324,1.6753493409332858,4.693
570,2,2,3,8,0,1,9,105383.41538666005,4543853.520613864,41.34187536623611,56.40860967222867,2.2495149615352252,7.928
571,2,2,4,24,0,0,24,48081.16401676,3808989.079223445,15.574076258118119,38.65390879418755,21.612219803132565,4.423
572,3,3,4,38,5,0,43,89249.27227767803,2594891.2525402117,15.47288097861807,35.86370419875713,5.8513032322119685,1.867
573,2,2,3,9,4,0,13,24139.86625402,2305161.5563462675,7.250062241424843,46.99426260955094,9.69732559311843,3.01
574,3,3,4,28,6,0,34,30772.10622538,2694002.809574635,25.93608840088326,32.611812414669,1.4583904053121473,3.507
575,3,3,4,71,4,0,75,50128.99007216,2652192.4743929254,37.957059550693906,46.63398941829115,1.3050724113896826,5.66
576,2,2,4,23,0,0,23,24828.659091124002,4109273.057384757,36.71228467841757,55.20164075187909,0.692671348486471,5.944
577,2,2,3,5,1,0,6,7545.500573309999,153361.84480187984,12.035290032136627,11.339814408176082,0,3.786
578,3,3,4,8,0,0,8,11739.469521199995,2797171.749214046,1.0767648420916802,30.521835926190487,1.5968653997840636,2.261
579,3,3,4,2,2,0,4,3007.13833435,989080.8577086343,16.790786077424578,1.6268748779858293,0.33813615194784064,0.244
580,3,3,4,11,1,0,12,13026.536502800001,1674820.9836863389,14.997206177016176,20.865107041045626,32.363844880654504,1.396
581,3,3,4,17,4,0,21,9713.98141063,1214554.979683555,25.901036211571842,21.24143950221474,3.1145512621099747,2.497
582,3,3,4,12,3,0,15,15442.910175988,1304935.123785209,32.18049719625793,15.876739994644856,0.05794487641918556,4.867
583,3,3,4,8,2,0,10,16260.262229444,2179307.9678505543,9.991712442301738,22.166311983049273,5.201047503505253,3.904
584,3,3,4,8,2,0,10,19303.58198387,3113679.8384262742,34.335751985502526,38.35020107466466,1.5220148861455332,4.827
585,3,3,4,5,1,0,6,5061.96385742,1792083.4392479593,28.91000472639446,43.03720906038587,0.47573436192710994,2.423
586,3,3,4,14,0,0,14,32479.753324098005,1687038.9113520938,28.255758316355028,27.67237493489518,0,5.246
587,3,3,4,9,0,0,9,20604.5682799,2855554.418241275,10.882074813424328,42.60253478017806,0.7070392282569924,4.399
588,3,3,4,47,6,0,53,81830.523423189,1472344.2387423113,31.387797933432658,21.36399291298804,0.7444266115606064,4.116
589,3,3,4,12,0,0,12,10586.01039274,2750954.6208788673,37.93404542655443,31.305935016479104,4.837997314553233,3.473
590,3,3,4,17,2,0,19,71521.19960773899,2879090.6814319175,34.15738875958074,37.89453264790488,0.14583525378480947,5.412
591,3,3,4,26,1,0,27,39662.005166290015,3017178.551784049,46.81903629508985,36.86102146561449,1.9527342818904123,2.53
592,3,3,3,44,5,0,49,26236.70767229,1993941.4378739893,26.892936634391774,31.334515391773405,1.0840650497134467,2.869
593,3,3,4,63,5,0,68,93706.14725304404,1972306.3369900782,28.18888764684174,39.94035719698503,0.7600283515121955,5.562
594,3,3,4,6,0,0,6,11039.702458846,2491844.948515787,51.877297954496804,48.12270204550319,0,7.898
595,2,2,4,33,0,0,33,23423.00797875,2806917.715310226,24.399366599172232,44.27538704444098,0.5361684693735437,5.859
596,3,3,4,8,0,0,8,14984.727140150002,2871917.319630921,40.842850813228864,48.74157107440331,0.582653457937473,7.739
597,2,2,4,13,3,0,16,25768.63742455,3837318.6337832203,42.313242624258656,53.098753060721634,0.7887819426151801,8.012
598,2,2,3,23,3,0,26,38426.36225321599,3463945.304814223,40.48815535109161,46.12853076672491,2.3484206010895794,9.574
599,2,2,3,20,1,0,21,1235.68409992,3571335.1603887253,50.421927649195666,32.78415863272034,1.1114564704243475,14.089
600,2,2,4,19,4,0,23,42037.585281836,3392103.588170527,32.314366606502084,48.05657839227766,3.8294643850235768,12.159
601,2,2,4,1,0,0,1,27790.204607120013,4861841.047000222,36.77494484462928,56.741803078139256,0.4040577950057518,7.345
602,2,2,3,21,0,0,21,32411.629176580005,2937894.5347118597,28.326136776514105,51.05927829956649,0.16315102768499554,4.612
603,1,1,3,1,0,0,1,10085.630122260001,2346375.7213896113,44.97545464162889,49.809040214708254,5.215505143662845,6.127
606,2,2,4,32,0,0,32,47746.78718682598,3906562.6940971036,25.691711914619646,66.3178365250208,1.4241600514640171,8.064
607,2,2,4,17,0,0,17,21697.47077737,4175256.5290047205,32.90609222850691,22.956307244860007,22.073130971749816,3.891
608,2,2,3,16,0,0,16,13079.254632690003,3638580.886123292,31.075816169029054,26.170149371925948,22.612140830968926,3.115
609,3,3,3,11,0,0,11,17992.806556076,1844894.051072557,29.212747610932094,37.088298832008064,9.097305689359215,1.625
610,3,3,3,2,0,0,2,17728.410575630005,1669092.598963615,73.00200000174803,12.861356695871585,14.136643302380383,0.267
611,2,2,4,40,0,0,40,23407.865290407994,2672214.563281434,21.804419135379028,56.483057991131304,2.7382833534723305,11.261
612,3,3,4,21,0,0,21,10769.288373619998,3045666.4433185584,21.211605884769362,26.937965694907422,9.185470693598356,4.797
613,3,3,4,41,5,0,46,46322.61632186799,1944686.037176145,28.6908544349032,32.17461203002761,0.65814859066774,3.516
614,3,3,4,21,5,0,26,28283.52657844,2736549.093077494,26.802266075103336,39.001009997513236,3.6758937605756854,7.329
615,3,3,2,23,1,0,24,27307.507334656002,2774601.989795814,32.39301313348274,46.91711287508763,0,5.329
616,2,2,4,22,0,0,22,18427.169587332,4570254.315840988,38.427348442860115,45.25990521430625,0.5724294236022217,6.549
617,2,2,4,22,0,0,22,13226.843088560001,4411688.774929249,48.841211032256346,47.71722969151793,0.7269648995271581,6.641
618,2,2,2,55,4,0,59,63563.78286020001,4249075.507024225,11.054358102872659,54.31471107897031,0,5.942
619,2,2,2,9,1,0,10,15071.724996039997,777407.7434033605,0,8.255253706766863,1.6156293318705532,0.518
620,3,3,2,29,2,0,31,77942.22803524602,2297025.6418013773,8.93885679328363,38.00825071601528,12.828281709214776,0.838
621,2,2,2,55,1,0,56,170302.34755547007,4362708.67848355,22.286094897362915,42.82187128027846,7.159502043454579,5.42
622,1,1,2,6,1,0,7,29432.618500199995,3320850.736111038,23.363151906587436,76.40721983089682,0.2296282625157433,8.984
623,1,1,2,11,0,0,11,18317.54733966,1625126.7189540877,15.698205406172786,82.66796565373976,1.6338289400874535,5.564
624,1,1,3,9,0,0,9,15618.455460000001,1050289.6606326252,34.116307783769365,63.83680991182956,2.0468823044010835,2.234
625,1,1,4,20,2,0,22,37959.250776279994,2046453.6260725004,29.168852224509223,34.18351900011086,18.532488366534064,4.413
626,1,1,4,21,0,0,21,53327.787371520004,5214516.030588043,32.14696066512014,65.38758677591566,2.465452558964188,9.865
627,2,2,4,66,7,0,73,22201.79977238,3556893.7171318177,24.98204929068911,29.043622746053092,4.40578400554395,3.737
628,2,2,4,30,3,0,33,33832.70759370399,3556902.4846509383,18.988034651104293,50.74934360232541,7.590719889763442,3.916
629,2,2,3,27,2,0,29,62502.62559277998,3342947.2328320947,0,31.544350089335982,34.692296254130504,2.586
630,2,2,3,7,1,0,8,12523.376938800004,8306.574786540645,9.793390057338156,0,32.68446158352828,NA
631,3,3,4,30,0,0,30,76091.89448497597,3518492.8170117303,22.002261274116382,17.420448839356737,1.4594053007043735,2.524
632,2,2,3,10,1,0,11,31602.059128857996,3607.813611781579,12.377037464382838,6.2759410456752445,1.0490588143293795,NA
633,3,3,4,42,1,0,43,44277.93042238,2670740.1852756753,50.28073330243764,14.145845051655549,2.5428955121860186,1.601
634,3,3,4,31,4,0,35,69282.45780004,2510710.9851158583,21.57871987517279,37.1011405729332,1.5954459973531498,7.617
635,3,3,3,2,0,0,2,10168.824342830001,671550.1456209713,15.571738880022288,29.451770895866304,2.8492614711689157,0.06
636,3,3,4,19,2,0,21,24477.221849863992,2845265.5492674294,37.79266768587525,50.38234601104254,1.2216576031294137,7.466
637,2,2,3,10,1,0,11,9462.331970504001,2902677.619393734,28.423098266651053,69.08412725213516,2.4927744812137718,9.015
638,2,2,3,5,0,0,5,7467.8986919399995,2220150.325517399,32.93011334260492,36.7383357131745,22.532674631311984,10.309
639,2,2,4,13,1,0,14,20720.238780030002,4525227.445022892,9.951431834505486,60.29331841571645,5.161094789910053,7.909
640,2,2,3,12,0,0,12,36044.94258998599,3985890.478890212,15.875978897398488,28.373450342419908,49.706230961759125,8.042
641,2,2,3,2,0,0,2,17134.795822051998,35479.72673761998,70.3338580979152,17.81042239148547,11.855719510599329,0
642,2,2,4,12,1,0,13,16381.676357380002,2800343.94662931,22.890820884113346,39.46259846532064,4.067877937336709,8.595
643,2,2,4,21,2,0,23,33145.68109980602,3774122.1742950073,21.436373028587333,45.080293674808495,1.1542134066286565,8.981
644,2,2,4,40,4,0,44,37878.99162853601,3062202.045556705,24.05068581840915,52.46476146899588,3.286938523878173,7.417
645,2,2,3,19,1,0,20,3988.1983620200003,1610085.6525930602,21.158699641871,44.25874014188522,3.8931448811379834,4.519
648,2,2,3,14,0,0,14,15053.012019799999,3225900.113005027,32.4615870630932,39.42149634043706,14.144324526584336,11.042
649,2,2,4,21,2,0,23,29904.574272192,2924245.11142543,20.697130587596565,43.54980290720239,7.8492925943942975,7.757
650,2,2,4,23,3,0,26,39810.47422101999,3342145.9792153225,36.10925457361978,62.17237628166102,1.7183691447191953,7.867
651,2,2,4,12,1,0,13,95705.19148450014,4174306.493086969,51.1707304967287,45.23649056408563,3.5927789391856755,4.29
653,2,2,3,17,1,0,18,20875.076005230003,3826510.389100758,45.21393638893962,10.892371953798524,43.893691657261854,9.853
654,2,2,4,26,2,0,28,53992.958013740004,4594084.65997442,33.424137195334055,53.92238640376337,12.653476400902582,8.238
655,2,2,3,10,1,0,11,35457.680965709995,2124772.084607898,32.1877469228504,65.84239114859119,1.969861928558396,5.206
656,2,2,3,15,0,0,15,54698.16444982999,4487343.0081718685,39.452327271198314,30.87914555966132,15.099116904367188,4.097
657,2,2,4,50,6,0,56,80155.45296685203,2944785.1277018357,32.48099728578398,28.777479284048933,2.4244368064271726,6.643
658,2,2,2,10,1,0,11,12534.697169934001,1606695.1878753703,23.84630563821783,50.62569210631398,2.4864699706556896,7.512
660,2,2,2,49,4,0,53,17729.076100928,3055146.0822560717,20.222385092739785,26.280349215943556,9.2712901685835991,8.476
661,2,2,4,40,2,0,42,34387.50244010001,4677332.773596309,30.071303253660336,69.92869674633965,0,6.038
662,2,2,4,77,5,0,82,96818.15403988495,4433387.660814903,11.250057233634715,51.338895151751984,8.55362665564376,2.956
663,2,2,2,18,1,0,19,61079.894917169964,4217521.004056439,17.06653982438016,82.28554173921782,0.6479184364020202,6.413
664,1,1,2,9,0,0,9,37616.082711020004,3033982.705717174,43.075855276317945,30.274693752096617,26.64945097158544,9.17
665,1,1,4,37,3,0,40,46041.22465176,5123278.246652161,20.87370767226285,77.91490546853903,0.8096781706637383,8.849
666,1,1,2,23,1,0,24,1251.9239346999998,3665266.6568932366,11.877499776201166,49.41321659826003,38.709283625538816,18.58
667,1,1,2,9,0,0,9,93555.32214962196,3160768.1147787226,18.911797248161772,59.530204228980544,21.557998522857673,13.427
668,1,1,3,1,0,0,1,1224.8747248,52300.52405503593,0,55.46901759256519,44.53098240743482,NA
669,1,1,2,17,1,0,18,48261.44330661,1782438.844829977,32.112519312183665,33.10165079395885,34.78582989385749,3.029
670,1,1,2,7,1,0,8,24245.01875880999,3481121.7062589675,14.424646106529115,76.914224420960693,8.661129472510192,5.566
672,2,2,4,31,3,0,34,42722.000568,4592169.994397076,33.14544255345345,63.304565841244475,3.5499916053020724,7.448
673,2,2,4,8,1,0,9,21970.670697259997,4025422.9878416294,43.439174835328906,56.560825164671094,0,7.283
674,1,1,2,22,2,0,24,22315.348485079005,4081383.7243606015,11.69581415980228,43.76125602693043,17.521602781028747,9.249
675,1,1,2,13,1,0,14,39503.194974779995,2947865.111704388,13.95953969283205,40.49249074572507,13.22919930822788,7.678
677,2,2,2,27,6,0,33,45111.37008283197,2421053.1661361014,38.380370428774974,43.53942171607475,0.06476305953559337,8.011
678,2,2,2,21,0,0,21,22431.427469979993,2486469.3281907137,26.354174421463906,24.74952025294264,0,5.31
679,2,2,2,20,2,0,22,17586.833088632,3501467.3113094466,38.477918452997464,31.50214345243263,0.8076250833093497,4.017
680,1,1,1,5,1,0,6,2405.31792624,2090354.771677703,13.72318534298613,33.10447756823122,0.24272743666805996,0.825
681,1,1,2,10,1,0,11,30704.96473326,4326043.698924024,21.363891382010493,74.2662005460128,4.36990807197671,9.189
682,2,2,2,29,2,0,31,57391.759269145,4185853.913836193,39.84284449867954,56.07515759224321,4.081997909077251,6.26
683,2,2,2,9,0,0,9,22778.078182097,2740574.1289064847,43.67269528070892,52.41987687119285,3.907427848098225,8.342
685,1,1,1,5,1,0,6,3513.1408757700005,27717.80719423822,0,79.08394375037562,20.916056249624386,0.345
686,2,2,2,8,1,0,9,21809.312730587997,2993183.8792596483,34.70180082866226,55.677314908570395,9.620884262767335,5.777
687,2,2,2,8,1,0,9,29044.000260860004,3716123.8438794515,29.88648739518184,67.94419059418715,2.169322010631015,7.698
688,2,2,2,12,1,0,13,10377.710562124,3463344.4277651967,36.46119334189565,61.66185575000315,1.8769509081011968,9.471
689,2,2,2,13,1,0,14,36006.66334663598,2708383.3395427507,36.126975187387444,60.50301313999979,3.370011672612779,6.976
690,2,2,2,15,2,0,17,38552.75607879801,2669353.0006947503,22.804138122240566,62.31170687755954,0.9852923742199693,9.523
691,2,2,2,14,2,0,16,32055.66854801399,2898256.517867134,28.6904673055028,56.70922263455902,8.814538825715301,7.679
692,2,2,2,24,1,0,25,35051.185198572,2841677.696303147,24.772975279268238,60.47008907006124,6.33804104560555,11.619
693,2,2,2,7,1,0,8,30527.874961085996,1586559.7154864098,21.7531411582371,65.97253782378868,3.7262087353486053,11.506
694,1,1,1,16,0,0,16,29777.091964640003,1484975.1732940318,12.009811433017815,60.655768720128336,3.8903607349510416,13.205
696,2,2,1,7,1,0,8,34312.195964099985,909400.8269995075,19.51772571647113,34.34956987332413,18.123749135001898,4.484
698,2,2,1,4,0,0,4,32499.90319831999,800221.3248752833,10.574415227629638,61.57235140712376,8.557100647847943,9.749
699,2,2,2,13,0,0,13,31454.42757925999,1934608.9498159548,38.08160999472136,43.942039882287744,6.50344466298917,7.261
700,1,1,2,8,0,0,8,4869.217187980001,1651087.1301329818,27.665101688728,46.477940924529996,4.579888515980407,12.519
701,1,1,2,13,0,0,13,30488.674533360005,1385742.6921398924,31.177743160090127,57.898221677529115,3.917633480914026,11.553
702,1,1,3,5,1,0,6,14855.450609069994,876135.8348387629,23.786085254756117,68.28273569988224,7.9311790453616515,7.557
703,2,2,2,34,3,0,37,54449.402966979964,5418198.537585465,23.139502736545797,71.58312073728503,2.9444044173852397,9.977
708,2,2,2,21,4,0,25,11018.00473128,4122536.685879717,0,50.57019911177984,2.8487450465093542,6.467
709,2,2,2,68,5,0,73,18805.992757564003,3483514.686925399,18.23279449046898,42.50218884204729,2.7503669025230493,7.008
710,2,2,2,33,2,0,35,11582.069359186,4021707.244448907,27.17433040598283,68.22703074720997,4.598638846807225,6.152
711,1,1,2,10,2,0,12,20752.491358199997,4259558.790518319,30.476617288547903,66.29310849323032,3.2302742182217705,11.765
712,1,1,2,3,0,0,3,63227.44927450001,3246218.4935929994,25.822359601678773,73.14581234826208,1.031828050059139,10.186
714,1,1,2,15,1,0,16,96228.59313668802,3189492.8949091607,13.949993698258712,70.39893578724893,15.65107051449236,13.375
715,1,1,2,21,0,0,21,58905.365143260016,2447103.72806295,34.7138569205438,62.8503628905497,2.43578018890651,11.9
716,1,1,2,25,1,0,26,78019.76741775998,3414495.0153083554,23.09232520680048,75.08002934908843,1.8276454441110819,11.762
717,1,1,2,24,2,0,26,9476.59216038,4022221.0249684555,13.816626278693716,84.73821566980601,1.4451580515002753,11.233
718,1,1,2,15,1,0,16,4751.504417656,2322890.704320118,26.25299734334875,69.82884296562315,3.918159691028092,15.19
719,1,1,2,1,0,0,1,2123.38142714,2734842.371498343,22.237108990517214,75.82788680780561,1.9350042016771671,11.852
720,1,1,1,13,1,0,14,19388.798529918,1748720.2709704626,30.213573452430897,65.11499538258582,4.671431164983289,28.609
721,1,1,1,9,0,0,9,84181.02554841999,1368698.916383527,19.082767337286146,78.97620808823392,1.941024574479937,13.279
723,1,1,2,7,1,0,8,24878.48250176,1693844.5037072848,30.316966117862275,68.32054317137136,1.3624907107663584,15.501
724,1,1,2,5,0,0,5,12988.833158104,3358066.940043472,35.09820258083545,64.34873750496894,0.5530599141956072,14.654
725,1,1,2,26,3,0,29,34293.543079519994,2763273.097047068,27.821189537807413,70.6658067397362,1.5130037224564,15.343
727,1,1,2,12,0,0,12,20347.854401355995,2401734.9386469335,23.51215593812101,36.011271260122044,2.393117806652978,5.745
728,1,1,2,34,4,0,38,17780.740596509997,3529375.8697172254,19.304424331369034,37.95818344804433,0.7399906718301622,6.53
729,1,1,1,2,0,0,2,17871.069556580005,1803462.4323821538,7.581570668115889,26.70857950155542,2.37061219801699,5.314
730,2,2,1,1,1,0,2,1682.14701246,925.0128451271903,0,17.922040358738283,2.2740940168521218,0
731,2,2,1,32,0,0,32,55099.04112772399,2904451.0189513494,4.865718516677946,30.177929686174654,32.09774417649507,3.045
732,2,2,2,20,2,0,22,66531.11571647998,2644267.5216899873,29.351690656632545,12.774425402435494,18.741592851264937,5.828
733,2,2,2,33,1,0,34,14231.43907083,2367318.3218442993,29.508071865649704,41.256676688238116,6.218510446637148,6.784
735,2,2,2,46,1,0,47,79631.072729456,2498870.187608353,35.584689956960915,47.79738823450879,1.5339116894920504,5.306
736,2,2,2,32,1,0,33,49533.483224114985,4564536.34324036,28.77831597767112,32.67195056626561,8.160749419170246,6.653
737,2,2,1,5,2,0,7,898.2458519280001,1265726.114757955,9.199939218241335,1.3108327817117773,25.068341797329346,3.07
739,2,2,1,1,0,0,1,744.1673048,9775.391987963676,2.1135425185718755,0,0.8286042914448775,4.054
740,2,2,2,16,2,0,18,41157.33602429599,4426284.19977208,19.07477343160345,24.694505830863154,8.387011061025762,3.388
741,2,2,2,9,0,0,9,31111.75545396001,2319190.6191292116,14.956987456325097,16.964103930039787,7.28852652258405,2.684
742,2,2,2,41,2,0,43,40230.246216456,4029335.804765057,60.17654152887458,24.03837708607014,3.1417968609788334,8.244
743,2,2,2,25,3,0,28,38326.72837735499,2065336.9700580863,36.80938694378033,51.41807883358829,11.772534222631378,8.349
744,2,2,2,35,5,0,40,46817.49024113601,4168888.7805286613,19.945856801213164,43.86677042403833,0.33983750232464077,8.039
745,1,1,2,14,1,0,15,62054.15034674599,2355175.9410671974,25.936345738983803,61.37414472028987,6.577796955666923,12.397
749,1,1,2,6,1,0,7,36456.25699615601,1185242.3481106176,21.35824808403032,74.18784806588799,1.199114838621287,11.647
751,1,1,2,41,2,0,43,88521.69678051004,4296596.553555089,24.417838789266998,57.21767161787834,3.761021399995549,9.493
752,2,2,2,29,2,0,31,43239.224367336,3441754.620263295,21.897542763152007,40.422850083470195,3.499719315427284,5.604
753,2,2,2,15,0,0,15,33430.73393595799,1799806.286058636,22.50857871058708,54.72349353666923,10.158955003858166,7.725
754,1,1,2,7,2,0,9,46708.33125318798,3943061.9671107996,30.69485952572732,50.692868430937345,4.652344881895074,9.271
755,1,1,2,17,3,0,20,63514.62146969998,3063462.948271016,23.09119054111594,63.89670082688234,3.4496843733986142,8.28
756,1,1,1,20,2,0,22,33679.476117440005,1782021.2210248942,28.264395316916513,46.71046334754588,4.838809854409393,7.87
757,1,1,3,5,1,0,6,14419.43904834,815842.6697563552,0,57.66100249454952,0.5940362078760003,0.134
759,1,1,3,4,0,0,4,1853.6477488,410280.34449737717,0,41.112298889577666,1.942869988399539,1.787
760,1,1,3,13,2,0,15,5770.326096859999,650326.2566986058,4.5986756008213145,32.18880350803183,5.976942848132345,6.504
761,1,1,4,6,0,0,6,62110.19079178998,2442715.0144025725,18.62503675397498,72.74403298000837,2.5814202219808253,14.873
835,2,2,4,12,1,0,13,33063.9616959,6218300.78677118,35.82724730046078,59.97082709255439,4.2019256069848225,4.337
836,3,3,3,12,3,0,15,54423.144785400014,1721829.6215870704,26.86506791003308,34.917044036606846,1.400882595611758,2.883
837,3,3,3,1,1,0,2,2707.7837495999997,1822275.1648702433,13.064169487061658,25.278922512430103,0.19736131089087844,1.408
838,4,4,3,25,3,0,28,71553.58308417795,2242692.1380431806,0,27.372448125320574,5.789951988842547,0.734
839,5,5,3,9,0,0,9,11177.03937065,1071884.886440621,16.936033355557907,15.569319549285506,0,1.324
840,3,3,3,3,0,0,3,13734.932227820002,1568273.0976111868,66.52598087730107,32.746120715611525,0.7278984070874017,1.487
841,3,3,2,30,1,0,31,17938.61859811,3158188.777586908,30.86131269905564,43.25039537893663,0.8996410981564917,4.308
842,3,3,2,13,1,0,14,41165.94623458999,2251317.171646654,25.132920047569208,36.04577684745818,1.1647056668669007,2.883
843,3,3,4,5,1,0,6,10394.489181699999,1173842.4212963053,26.1878047128913,18.509070055615574,0,8.105
844,3,3,1,1,0,0,1,9090.240793625999,26267.64406017624,48.944308808000216,9.382108482300888,0,0
847,5,5,2,16,0,0,16,67074.20358600198,523879.4279402872,42.16116207025621,7.902615035907878,0,3.97
848,4,4,4,21,1,0,22,78265.77199845805,529911.7344778439,39.58810863285185,17.215550845931997,0.8607231931739926,2.877
849,6,6,4,26,6,0,32,68519.39554986401,1153298.139484495,16.903327991625783,16.20205179830875,5.119233541909571,1.963
850,6,6,4,12,0,0,12,23787.145696922,1140566.0625318554,26.172778737340284,17.208642809698247,2.4244380998070065,3.631
851,6,6,4,2,0,0,2,29454.54602844599,1321793.8090964865,16.638431765309374,36.95116800153563,1.4123664174247428,1.063
852,6,6,3,16,1,0,17,19311.24634233,1254819.6604400014,25.830106853879048,14.123744090329055,3.024885980616481,3.569
853,5,5,4,3,1,0,4,22554.12523266,1291596.6471382023,13.141260907604257,45.19252299744031,0.5358691797030306,0.629
854,2,2,1,1,0,0,1,2815.62462018,23201.204201620192,0,19.2024291322481,0.2022405629302527,NA
855,5,5,3,2,0,0,2,13228.319399120002,335113.1473025348,13.364592469745823,24.411827611277563,2.294130203252104,6.021
939,2,2,4,21,2,0,23,25857.16917391,4059647.1053563417,26.532879327020638,52.0101575506886,8.906927796198625,5.126
940,1,1,3,2,0,0,2,30685.200720280005,1714556.5344166663,10.107116830203143,88.67972702096091,1.213156148835957,6.135
941,2,2,3,6,3,0,9,3371.06768929,28132.812322599635,4.705050271768061,0,1.59932483287569,0.057
942,3,3,3,22,2,0,24,61559.915381919986,2242464.842671067,20.04318888561178,40.936133404488665,4.073876750354315,2.061
943,2,2,4,13,0,0,13,45877.318620316,4237201.393470583,42.46321408991108,56.142948187022604,1.3938377230663244,2.018
944,2,2,3,20,1,0,21,60615.40931416999,1338128.8507996863,20.493345452002036,18.433762322217685,11.577324503806187,0.929
945,1,1,3,19,1,0,20,66998.25609554,3782268.433936974,18.231921225408733,58.37392241458691,0.5092605677648331,7.626
946,2,2,3,13,3,0,16,34808.30059332,164915.400941635,0,3.320893553276109,60.76130323022526,0.258
947,2,2,3,17,2,0,19,71768.79894958001,2898656.287484491,25.707844435419357,40.676478868745185,33.61567669583545,8.665
948,3,3,4,24,3,0,27,67829.741385276,3833892.0023492663,27.239802567602645,67.9759186827784,4.784278749618951,2.601
950,3,3,4,24,0,0,24,42299.334242400015,5593940.956409963,3.476701662591818,34.78107954470342,0,1.843
951,3,3,4,39,3,1,43,130758.03116001,2212955.762552732,51.12807609483981,19.72780027976209,2.1910965820102257,1.714
952,3,3,4,3,0,0,3,11003.866547149999,1349986.1809783815,14.719128358094283,6.882354861709432,0.5546024421332559,1.455
953,4,4,3,6,1,0,7,20588.054210580005,6201570.402113577,8.593119003636989,91.406880996363,0,0.929
954,4,4,3,8,0,0,8,7606.075258320001,2582074.188880415,32.47446551668764,30.807459426147172,10.110019135044436,1.235
955,4,4,3,8,2,0,10,31855.01851023999,1229515.689028686,10.756277071160499,1.8247620048520385,36.775340799174714,9.804
956,4,4,3,1,0,0,1,36481.05386513601,1875985.4907338547,0,68.25723855274565,31.74276144725436,0.497
960,6,6,1,1,0,0,1,2181.71897784,53842.24472302328,0,35.660451583269406,1.2778780547075563,3.174
961,1,1,4,13,2,0,15,31495.534486329998,3358488.6014838004,14.727639508601623,36.60575749211157,14.48062290846063,5.271
962,2,2,2,17,3,0,20,14331.427298536,1235514.8689125916,15.340964102441076,39.050439757081165,4.701095214900914,8.268
963,2,2,4,33,3,0,36,19376.418762880003,3529083.898968566,15.651818781210869,30.5639045587433,0.847796878284287,3.08
964,3,3,2,32,6,0,38,22417.72885658,3981700.527222087,17.704980910555477,39.36048273045434,0.20704954764694167,3.377
965,3,3,4,3,2,0,5,4664.90752416,5049819.909373302,0,13.86994275422661,24.840575041215768,5.008
966,2,2,4,28,2,1,31,7800.182557626,2202338.2557755164,35.3659026418358,25.61344116307997,2.7880253382212095,8.265
968,3,3,4,10,1,0,11,12473.46777855,1034676.2317276837,52.15683177862245,6.6300966289200485,2.110372864801479,1.548
969,3,3,1,6,0,0,6,4205.66458579,2802958.538613944,42.69868643731893,24.229641285295624,1.8952303417835394,3.54
970,3,3,2,14,0,0,14,6607.687354194,2755889.377717061,18.40195703552932,56.84540969048404,0,4.869
972,2,2,2,11,0,0,11,2934.49254618,3331666.8950783657,14.607488366095431,44.5763183016867,8.150955629581393,14.027
973,2,2,2,37,3,0,40,55052.539412080005,4729896.632590919,32.4037204167028,55.46668437306106,12.129595210236154,5.296
974,2,2,2,2,0,0,2,2573.76652166,1455490.3041196999,21.043598718575986,78.54832613701808,0.40807514440593246,2.047
975,3,3,1,2,0,0,2,12275.029492250003,1708448.9595210166,59.95667184604487,40.04332815395513,0,0.473
976,3,3,2,13,0,0,13,4894.8197027999995,3552075.613753862,58.84186609045311,41.15813390954688,0,9.16
977,3,3,2,19,1,0,20,6313.481607231999,2329582.315462266,25.5018957431061,43.104906104381904,1.8990224325880667,4.327
978,2,2,2,7,1,0,8,29925.236454362,2234315.03642322,20.189552428455475,48.47151272032615,7.92992271245142,4.86
979,2,2,2,31,5,0,36,52892.041552564,3709128.421760596,6.413607550635435,63.319505860721556,3.4323086603213344,6.578
980,2,2,3,11,2,0,13,20391.437445339994,897577.0603939842,26.22540075069302,20.715833963517472,0,0.312
981,3,3,2,25,3,0,28,13561.442934429997,2841908.1694998937,33.89751484933115,37.71546448052535,2.47932240572225,4.39
982,3,3,2,16,2,0,18,14275.31898145,2628296.420801411,45.95363581230719,18.843171265778942,8.48062888819243,2.914
983,3,3,4,5,1,0,6,9751.6454335,2339300.018523745,38.629782272526015,32.96676400536673,0.47621277624051056,3.569
984,3,3,4,4,0,0,4,5242.16928038,959334.4724364728,18.95673784620131,23.14505137622985,31.886138452853785,2.252
986,3,3,4,1,0,0,1,4356.221857709999,1605145.264639197,0,20.035287530419986,2.950293568751132,1.839
987,3,3,2,9,0,0,9,48183.610013744,1611159.3201097634,43.790517129834974,16.057693272485487,0,1.934
989,2,2,2,46,2,0,48,15222.88802386,5083681.330714692,7.9040576667562386,45.031872224064706,0.48285918294761687,9.29
990,2,2,2,29,6,0,35,45360.514047196004,2471716.4640681045,15.738907453804732,49.69485863722098,11.746334175391627,5.452
991,4,4,2,5,0,0,5,25437.522950001,1128723.1235367726,75.61820225792565,18.124544551680945,6.257253190393408,1.787
992,3,3,4,25,0,0,25,31909.108347942012,1000346.1688437696,16.15957535462652,10.305928354029033,5.583204618431573,5.657
993,3,3,2,35,3,1,39,40390.023168800006,1347699.3484890258,25.064410747339537,9.496992548092429,13.734029842105718,5.914
995,2,2,1,19,2,0,21,66025.63845097802,1577602.7378778206,0,30.99853125658022,8.961233718669776,5.695
996,4,4,2,40,1,0,41,71773.64039518998,1750428.9139830843,27.215210032935456,25.883126571337606,5.029715689317565,0.508
997,4,4,2,21,1,0,22,80655.247227654,2499663.1333847092,26.21675128601942,21.12232268369803,0.888128998092381,1.755
998,4,4,1,1,0,0,1,8754.882236649999,2531191.3368593706,0,29.387106692347338,20.57365783432477,4.552
999,3,3,3,3,1,0,4,9329.414840850004,591661.596592729,31.741864109465766,17.69811583796151,1.68257068809205,15.116
1001,2,2,1,26,2,0,28,92983.17501339002,950078.5051340052,0,80.64130100486938,15.60959671783016,6.497
1006,2,2,1,37,5,0,42,91060.27282232,4520292.239882815,23.919981441345783,54.8195665148062,16.913479810558275,7.564
1008,3,3,2,1,0,0,1,3697.5650533000003,161348.59929557305,25.38593038669199,3.0917759861794547,3.0795999990009446,10.692
1009,2,2,1,1,0,0,1,1456.80379942,26397.42103111124,0,4.693808897518837,1.2783052292054546,8.022
1011,3,3,1,1,0,0,1,950.098353448,0,0,8.617826635828141,17.058533881941333,NA
1016,2,2,1,5,1,0,6,4291.16243182,3200.896736729995,0,1.6451957365298018,0,8.889
1020,6,6,1,1,0,0,1,6011.95784016,5253.432728305279,0,6.649435828177312,0.303257796970883,NA
1022,4,4,1,1,0,0,1,10608.343012660001,123702.06909740521,0,8.229850958456922,0,NA
1024,4,4,1,2,0,0,2,19048.648432285998,221199.77485753485,0,33.84576413076307,0,3.658
1025,6,6,1,7,1,0,8,9271.71935865,693326.9603884962,8.786381193575691,35.603130988594764,2.75256026178595,5.283
1026,4,4,3,5,0,0,5,22748.750536739994,2130920.607194506,13.373829113407048,18.879870542776985,7.675823770804911,0.342
1028,3,3,3,12,2,0,14,95391.14816682204,3020232.08164094,30.016771616720874,50.98547539748893,1.9844421781364465,3.167
1032,1,1,1,9,0,0,9,29489.97329388999,2136122.184013576,18.265474976539412,76.1573144264005,5.577210597060075,8.637
1035,2,2,1,37,4,0,41,110073.446930978,3908581.7241937015,29.230904982865525,33.21363912175049,10.599680494990462,2.42
1038,3,3,1,2,0,0,2,7017.79970444,46583.864688751215,0,11.293093213481042,0,12.849
1048,3,3,2,30,3,0,33,123350.59868428002,1745237.4440147374,37.25342487663876,38.89524399226181,4.6926981421556535,1.787
1049,3,3,3,14,0,1,15,82029.52081815005,3034644.5347109362,39.843725429036326,35.85500497111681,0.4528568556434016,0.837
1050,1,1,1,10,0,0,10,59947.18006438197,41205.263430795894,3.7316375313437398,82.82224647310952,13.446115995546737,2.936
1051,1,1,1,1,0,0,1,3876.3961991339993,52065.35826168858,0,94.12267765023495,5.877322349765068,0.639
