ZAT,pop_total_2018,pop60plus_2018,n_manzanas,pct60plus
1,48,6,1,12.5
3,261,40,8,15.32567049808429
7,1798,158,11,8.78754171301446
8,64,2,1,3.125
9,18380,3194,26,17.377584330794342
10,2434,591,18,24.281018898931798
11,26840,3308,101,12.324888226527571
12,16284,1527,39,9.377302873986736
13,25106,2124,167,8.46012905281606
14,6240,620,25,9.935897435897436
15,1872,219,6,11.698717948717949
16,4269,442,13,10.353712813305224
17,3267,605,6,18.51851851851852
18,30,6,1,20
19,15,2,1,13.333333333333334
20,2088,169,13,8.093869731800766
21,85,8,1,9.411764705882353
23,11848,1241,21,10.474341661039839
24,9345,743,39,7.950775815944355
25,12322,1459,17,11.840610290537251
26,2047,339,9,16.560820713238886
27,22795,4272,126,18.740951963149815
28,2092,371,16,17.734225621414915
29,14,1,1,7.142857142857143
30,4064,533,10,13.115157480314961
31,261,48,6,18.39080459770115
32,5931,640,18,10.790760411397741
33,41449,3988,144,9.621462520205554
34,73,10,3,13.698630136986301
35,881,66,11,7.491486946651532
36,44417,4101,47,9.232951347457055
37,49997,3701,191,7.402444146648799
38,16151,1834,38,11.355334035044269
39,16236,1777,63,10.944813993594481
40,22506,2499,34,11.103705678485737
41,22075,2716,45,12.303510758776897
42,4842,506,18,10.450227178851714
43,1429,182,8,12.736179146256124
44,6421,918,16,14.296838498676218
45,14128,2051,14,14.517270668176671
46,27090,4199,53,15.500184569952012
47,22273,3044,46,13.666771427288646
48,15962,1933,18,12.110011276782359
49,7525,1274,25,16.930232558139537
50,7867,841,4,10.690224990466506
51,8454,2094,48,24.76933995741661
52,9921,1594,47,16.066928737022476
53,6474,1113,38,17.191844300278035
54,21988,3149,43,14.32144806257959
55,10244,1528,13,14.91604841858649
56,14425,1927,81,13.358752166377815
57,6397,570,39,8.910426762544944
58,16173,1495,84,9.243801397390714
59,16733,2242,76,13.39867328034423
60,12158,2043,45,16.803750616877775
61,10311,1974,17,19.144602851323828
62,2898,810,22,27.950310559006212
63,2426,743,22,30.626545754328113
64,11047,2426,18,21.960713315832354
65,4069,931,4,22.880314573605308
66,19932,3351,17,16.81216134858519
67,19654,3520,72,17.909840236084257
68,5807,975,47,16.790080936800415
69,11008,2661,42,24.173328488372093
70,8913,1844,20,20.688881409177604
71,5553,1428,33,25.715829281469475
72,17281,3792,33,21.94317458480412
73,13850,3242,16,23.407942238267147
74,5243,1263,4,24.089261872973488
75,12342,2644,12,21.42278398962891
76,7058,1555,35,22.031737035987533
77,10758,2831,43,26.31530024168061
78,3188,723,3,22.67879548306148
79,5324,1386,8,26.03305785123967
80,1075,330,7,30.697674418604652
81,1691,506,4,29.923122412773505
82,5746,1321,10,22.98990602158023
83,4834,892,31,18.452627223831197
84,242,60,3,24.793388429752067
85,2869,685,15,23.875914952945276
86,7324,1597,34,21.805024576734024
87,14122,4049,38,28.671576263985273
88,9633,2295,21,23.824353783867952
89,14733,2704,117,18.353356410778524
90,7922,1374,25,17.344105023983843
91,11298,2226,32,19.702602230483272
92,6112,1561,44,25.539921465968586
93,14430,3199,50,22.16909216909217
94,20328,4067,94,20.006887052341597
95,3137,717,26,22.856232068855594
96,2051,678,35,33.057045343734764
97,2959,557,23,18.823927002365664
98,603,78,6,12.935323383084578
99,10474,1233,33,11.772006874164598
100,16333,1622,69,9.930814914590094
101,19868,1540,102,7.751157640426817
102,2014,205,1,10.178748758689176
103,28579,2936,120,10.273277581440919
104,14693,1442,59,9.81419723677942
105,34641,3818,156,11.021621777662308
106,21325,2909,126,13.64126611957796
107,24518,3314,113,13.516600048943634
108,18965,2437,67,12.849986817822304
109,14146,1803,54,12.74565248126679
110,17216,2430,78,14.114776951672862
111,6926,834,38,12.041582442968524
112,30798,3282,176,10.656536138710306
113,26609,2827,88,10.624224886316659
114,33218,3244,122,9.76578963212716
115,45205,4142,193,9.162703240791949
116,17965,1137,91,6.328973003061509
117,29719,1617,113,5.440963693260204
118,14167,959,86,6.769252488176749
120,21097,3583,15,16.9834573636062
121,14400,2557,73,17.756944444444443
122,27243,4574,145,16.78963403443086
123,8454,1554,82,18.38183108587651
124,11555,1782,80,15.421895283427087
125,13212,2004,57,15.16802906448683
126,3531,344,11,9.742282639478901
127,4967,530,8,10.67042480370445
128,3208,804,41,25.06234413965087
129,11815,2163,66,18.307236563690225
130,5857,1528,61,26.088441181492232
131,10701,1917,65,17.91421362489487
132,1432,341,9,23.812849162011172
133,3558,1116,56,31.365935919055648
134,6099,1704,66,27.9390063944909
135,15556,2215,35,14.238878889174595
136,9082,2197,60,24.1907068927549
137,3893,963,17,24.736706909838173
138,9462,2299,62,24.29718875502008
139,10554,2402,16,22.759143452719346
140,10128,2294,46,22.650078988941548
141,5620,1609,24,28.629893238434164
142,4068,826,13,20.30481809242871
143,3855,941,43,24.409857328145264
144,6713,1296,28,19.305824519588857
145,5212,1193,24,22.889485801995395
146,6430,1509,26,23.468118195956453
147,19359,5977,84,30.87452864300842
148,10223,2587,50,25.305683263229973
149,1707,302,10,17.691857059168132
150,3561,758,16,21.28615557427689
151,764,11,3,1.4397905759162304
152,4446,854,34,19.208277103013945
153,1790,290,27,16.201117318435752
154,10687,1617,45,15.130532422569477
155,3054,888,43,29.076620825147348
156,2609,662,34,25.373706400919893
158,83,0,1,0
159,4153,449,39,10.811461594028414
160,3128,304,34,9.718670076726342
161,7158,707,74,9.877060631461301
162,267,40,2,14.9812734082397
163,4178,779,27,18.64528482527525
164,3214,644,20,20.03733665214686
165,2882,515,14,17.869535045107565
166,2551,709,11,27.793022344178752
167,4715,1199,42,25.42948038176034
168,4745,1481,53,31.211801896733405
169,2303,492,32,21.363438992618324
170,2469,736,18,29.80963953017416
171,6787,1047,52,15.426550758803595
172,7289,1886,55,25.87460557003704
173,4346,775,45,17.832489645651172
174,4813,648,29,13.463536255973406
175,10173,1886,43,18.53927061830335
176,10259,1673,44,16.307632322838483
177,1585,297,3,18.738170347003155
178,4348,599,6,13.776448942042318
179,9487,1270,46,13.386739749130388
180,12474,2418,78,19.384319384319383
181,6649,1287,45,19.356294179575876
182,10546,1621,49,15.370756684999051
183,6872,1212,44,17.636786961583237
184,8452,1226,44,14.505442498816848
185,14676,2212,48,15.072226764786045
186,12522,1662,41,13.272640153330139
187,25357,4814,186,18.98489568955318
188,9631,1577,58,16.37420828574395
189,12091,1929,75,15.954015383342982
190,21194,2812,134,13.267906011135228
191,13879,2375,105,17.11218387491894
192,52362,5666,181,10.820824261869294
193,87,6,3,6.896551724137931
194,40224,3338,180,8.298528241845665
195,27534,2421,124,8.792765308346045
196,19235,1883,88,9.789446321809201
197,28265,2620,151,9.269414470192817
198,27437,3391,110,12.35922294711521
199,10648,2015,46,18.92374154770849
200,17756,2307,81,12.992791169182249
201,5628,624,16,11.087420042643924
202,9520,1619,53,17.006302521008404
203,11045,1632,48,14.775916704391127
204,20037,3768,125,18.80521036083246
205,6891,1160,33,16.83355100856189
206,6583,1000,30,15.190642564180465
207,12730,1720,59,13.511390416339356
208,4147,717,21,17.289606944779358
209,5618,876,24,15.592737629049484
210,7941,1322,33,16.647777358015365
211,4213,646,25,15.333491573700451
212,12680,2172,70,17.129337539432175
213,5478,1071,27,19.55093099671413
215,8413,1764,44,20.967550219897777
216,8536,1416,54,16.588566073102154
217,5490,965,50,17.577413479052822
218,14094,2327,62,16.51057187455655
220,1298,230,13,17.719568567026194
221,2722,503,18,18.479059515062453
222,4371,598,38,13.681079844429192
223,1834,335,30,18.266085059978188
224,1691,322,21,19.04198698994678
225,1810,384,21,21.215469613259668
226,1547,280,19,18.099547511312217
227,3268,458,34,14.01468788249694
228,1655,251,15,15.166163141993957
229,1692,300,14,17.73049645390071
230,2495,325,36,13.026052104208416
231,1851,421,29,22.744462452728254
232,734,164,12,22.3433242506812
233,1836,343,24,18.681917211328976
234,1437,318,34,22.129436325678498
235,3200,536,37,16.75
236,1630,231,13,14.171779141104295
237,1604,250,16,15.586034912718205
238,2053,369,20,17.97369702873843
239,2043,303,22,14.831130690161528
240,1350,186,18,13.777777777777779
241,1747,274,20,15.684029765311964
242,32,5,2,15.625
243,1246,371,7,29.775280898876403
244,6378,1466,23,22.985261837566636
245,4899,1364,20,27.842416819759134
246,1007,267,15,26.514399205561073
247,1327,265,14,19.9698568198945
248,6963,1590,29,22.834984920292978
249,58,2,1,3.4482758620689653
250,1870,331,14,17.700534759358288
251,7631,769,34,10.077316210195256
252,5919,995,27,16.81027200540632
253,1273,284,12,22.309505106048704
254,464,95,11,20.474137931034484
255,4240,757,26,17.85377358490566
256,1689,451,8,26.702190645352278
257,2624,611,21,23.285060975609756
258,1434,301,21,20.99023709902371
259,2737,633,31,23.127511874314944
260,2117,359,15,16.957959376476147
261,3750,823,14,21.946666666666665
262,2549,513,14,20.125539427226364
263,2681,759,11,28.310331965684448
264,3158,700,25,22.165927802406586
265,410,82,9,20
266,3017,268,29,8.882996353994034
267,1080,153,10,14.166666666666666
268,85,7,2,8.235294117647058
269,4162,346,35,8.313310908217204
270,4294,345,38,8.034466697717745
271,1098,127,8,11.56648451730419
272,6464,691,24,10.689975247524753
273,4595,618,34,13.449401523394995
274,3046,471,10,15.4629021667761
275,7372,1036,37,14.053174172544765
276,5335,682,29,12.783505154639176
277,4685,418,18,8.922091782283884
278,3055,461,33,15.090016366612112
279,5913,973,45,16.455268053441568
280,3812,479,17,12.565582371458552
281,4501,668,39,14.841146411908465
282,6279,1408,63,22.42395285873547
283,1363,298,15,21.863536316947908
284,1876,174,18,9.275053304904052
285,2373,459,24,19.342604298356513
286,2519,563,25,22.350138944025407
287,5772,951,37,16.476091476091476
288,6005,1205,34,20.06661115736886
289,4,0,1,0
290,9527,2293,52,24.068437073580352
291,2736,664,21,24.269005847953217
292,9823,2818,25,28.687773592588822
293,7538,1428,4,18.944016980631467
294,31,2,1,6.451612903225806
295,4840,1259,45,26.012396694214875
298,2398,616,28,25.68807339449541
299,1920,168,4,8.75
300,6019,1319,59,21.913939192556903
301,12015,2595,69,21.5980024968789
302,561,74,13,13.190730837789662
303,11877,1929,60,16.241475119979793
304,510,39,5,7.647058823529412
305,4626,700,40,15.131863380890618
306,1949,214,6,10.979989738327347
307,1960,261,5,13.316326530612244
308,11,2,1,18.181818181818183
309,15274,1491,105,9.761686526122823
310,16480,1785,110,10.83131067961165
311,20744,2975,117,14.341496336290012
312,21789,2720,82,12.48336316489972
313,9262,1547,67,16.702656013819908
314,20812,3459,105,16.620219104362867
315,11137,1678,39,15.06689413666158
316,9401,1348,49,14.338900117008828
317,21415,2694,20,12.579967312631334
318,11252,2491,74,22.13828652683967
319,9145,1844,63,20.164024056861674
320,4872,963,44,19.766009852216747
321,8690,1304,30,15.005753739930956
322,23706,3805,44,16.05078882983211
323,10780,1275,9,11.827458256029685
324,260,25,16,9.615384615384615
325,177,13,5,7.344632768361582
326,285,36,11,12.631578947368421
327,3062,525,7,17.14565643370346
328,2353,297,40,12.622184445388866
329,99,3,3,3.0303030303030303
330,7696,1408,35,18.295218295218294
331,47,9,1,19.148936170212767
332,275,35,7,12.727272727272727
333,2387,549,18,22.999581064097192
335,5264,1085,45,20.611702127659573
336,2382,522,23,21.91435768261965
337,4664,938,18,20.1114922813036
339,1760,467,23,26.53409090909091
340,4912,1111,41,22.618078175895764
341,977,202,22,20.67553735926305
342,1484,271,15,18.26145552560647
343,16,2,1,12.5
344,2632,384,45,14.589665653495441
345,4914,558,13,11.355311355311356
346,397,66,7,16.624685138539043
347,626,85,4,13.578274760383387
348,4355,846,39,19.425947187141215
349,2905,475,22,16.351118760757316
350,1618,254,22,15.698393077873918
351,890,158,11,17.752808988764045
352,970,220,8,22.68041237113402
353,2144,352,10,16.417910447761194
354,4174,726,19,17.393387637757545
355,4282,520,23,12.143858010275572
356,2111,384,16,18.190431075319754
357,164,26,6,15.853658536585366
358,1180,209,10,17.71186440677966
359,5296,765,42,14.444864048338369
360,6715,1469,29,21.87639612807148
361,3341,331,24,9.907213409158935
362,1266,147,16,11.611374407582938
363,335,37,14,11.044776119402986
364,2162,148,5,6.845513413506013
365,68,6,4,8.823529411764707
366,1275,189,13,14.823529411764707
367,296,32,8,10.81081081081081
368,68,5,3,7.352941176470588
369,196,23,10,11.73469387755102
370,597,43,14,7.202680067001675
371,1155,171,36,14.805194805194805
372,5714,833,23,14.578228911445573
373,13088,1749,64,13.36338630806846
374,12676,2112,67,16.661407384032817
375,266,39,3,14.661654135338345
376,3750,619,12,16.506666666666668
377,5146,827,22,16.070734551107655
378,8218,1463,50,17.802385008517888
379,4756,756,22,15.895710681244744
380,3885,550,24,14.157014157014157
381,3687,580,27,15.730946569026308
382,21587,3452,92,15.99110575809515
383,484,19,1,3.925619834710744
384,1817,250,26,13.75894331315355
385,115,7,6,6.086956521739131
386,15469,2702,81,17.46719244941496
388,3087,394,7,12.76320051830256
389,21842,4079,156,18.675029759179562
390,14517,2349,67,16.181029138251706
391,21082,2399,40,11.379375770799735
392,618,55,14,8.89967637540453
393,507,28,8,5.522682445759369
394,23613,2088,83,8.842586710710203
395,1189,202,13,16.989066442388562
396,21790,1880,20,8.627810922441487
397,8257,1127,35,13.649025069637883
398,12267,974,12,7.940001630390478
399,9980,1498,54,15.01002004008016
400,9147,984,21,10.75762545096753
401,13629,1198,9,8.790079976520655
402,1854,184,5,9.924487594390508
403,5372,704,14,13.104988830975428
405,21387,1620,17,7.5746949081217565
406,2354,174,3,7.391673746813933
407,3633,270,25,7.431874483897605
408,11596,1800,23,15.52259399793032
409,1725,269,16,15.594202898550725
410,13409,1037,86,7.733611753300022
411,22022,2603,115,11.819998183634548
412,11270,1241,62,11.011535048802129
413,67800,4438,97,6.545722713864307
414,25604,1843,180,7.19809404780503
415,19228,1559,119,8.107967547326815
416,85,5,2,5.882352941176471
417,14929,2810,61,18.82242615044544
418,6161,1177,8,19.104041551696152
419,5161,1198,25,23.212555706258478
420,10832,2284,81,21.085672082717874
421,10119,1973,77,19.49797410811345
422,20258,2284,96,11.274558199229935
423,11904,2140,71,17.977150537634408
424,4636,1022,33,22.04486626402071
425,10933,1791,92,16.381596999908535
426,6110,1136,30,18.592471358428806
427,8789,1486,52,16.90749800887473
428,8419,1632,70,19.384725026725263
429,4617,814,27,17.630495993069093
430,5305,868,24,16.36192271442036
431,7882,1402,44,17.78736361329612
432,6984,1150,37,16.466208476517753
433,3304,527,45,15.950363196125908
434,4622,870,51,18.823020337516226
435,5557,1143,49,20.568652150440887
436,6625,1345,63,20.30188679245283
437,5038,784,24,15.56173084557364
438,3971,600,31,15.109544195416772
439,3847,449,27,11.671432284897323
440,1326,195,22,14.705882352941176
441,1194,153,18,12.814070351758794
442,1540,126,13,8.181818181818182
443,1247,198,20,15.878107457898958
444,2966,326,38,10.991233985165206
445,1471,164,11,11.14887831407206
446,10427,1379,62,13.225280521722452
447,10640,1901,70,17.866541353383457
448,1443,253,9,17.532917532917534
449,4180,658,30,15.741626794258373
450,7153,962,35,13.448902558367118
451,340,54,2,15.882352941176471
452,8793,1073,41,12.202888661435233
453,354,27,12,7.627118644067797
454,2303,321,23,13.938341293964394
455,822,120,15,14.598540145985401
456,2121,370,10,17.444601603017446
457,197,13,12,6.598984771573604
458,1449,278,18,19.185645272601793
459,1687,259,32,15.352697095435685
460,5059,814,19,16.090136390591027
461,1096,183,10,16.697080291970803
462,9904,1388,35,14.014539579967689
463,2772,448,13,16.161616161616163
464,2881,516,18,17.91044776119403
465,4600,463,8,10.065217391304348
466,5104,770,22,15.086206896551724
467,1043,203,6,19.463087248322147
468,2824,513,29,18.165722379603398
469,1515,266,10,17.557755775577558
470,5504,555,26,10.08357558139535
471,3977,486,20,12.220266532562233
472,8066,1091,52,13.52591123233325
473,4027,535,29,13.285324062577601
474,2622,460,22,17.54385964912281
475,1980,364,17,18.383838383838384
476,586,112,10,19.112627986348123
477,2328,437,18,18.77147766323024
479,46,9,1,19.565217391304348
480,84,1,2,1.1904761904761905
481,2281,302,15,13.23980710214818
482,3807,510,28,13.396375098502759
483,930,128,11,13.763440860215054
484,747,106,6,14.190093708165998
485,3786,468,40,12.361331220285262
486,4273,562,37,13.15235197753335
487,6105,660,42,10.81081081081081
488,3429,346,26,10.090405365995917
489,442,38,4,8.597285067873303
490,4084,440,24,10.773751224289912
491,729,105,5,14.40329218106996
492,6107,750,46,12.280989028983134
493,545,52,4,9.541284403669724
494,1984,363,20,18.296370967741936
495,9,0,1,0
496,2613,223,4,8.534251817833907
497,886,159,10,17.945823927765236
498,1424,276,7,19.382022471910112
499,2805,526,23,18.75222816399287
500,10811,2055,75,19.008417352696327
501,4987,835,62,16.74353318628434
502,11960,1855,70,15.510033444816054
503,3634,770,44,21.18877270225647
504,1701,266,13,15.637860082304528
505,306,69,1,22.54901960784314
506,8295,1737,58,20.94032549728752
507,9506,1646,46,17.315379760151483
508,2288,453,16,19.79895104895105
509,13776,2577,87,18.70644599303136
510,3998,662,23,16.558279139569784
511,5377,911,33,16.94253301097266
512,4453,780,75,17.51628115876937
513,7598,1306,46,17.18873387733614
514,3434,613,57,17.850902737332557
515,9579,1409,40,14.709259839231652
516,4933,758,34,15.365903101560916
517,23667,3164,142,13.36882579118604
518,2215,411,11,18.55530474040632
519,17133,2608,107,15.222086032802194
520,17519,2882,87,16.450710657000972
521,3492,660,26,18.900343642611684
522,13155,2504,86,19.03458760927404
523,11010,2159,82,19.6094459582198
524,4439,882,31,19.86933994142825
525,11906,1954,61,16.411893163111035
526,10552,1618,57,15.333586050037907
527,31246,2214,183,7.085706970492223
528,22768,1963,114,8.621749824314827
529,34986,2509,230,7.171440004573258
530,27636,1996,21,7.222463453466493
531,29873,3584,157,11.997455896629063
532,13127,1652,70,12.584748990629999
533,17251,3073,44,17.813460089270187
534,6648,1038,45,15.613718411552346
535,40472,4504,230,11.128681557620084
536,10206,2026,52,19.85106799921615
537,11346,1584,49,13.960867265996827
538,10339,1686,80,16.30718638166167
539,8551,1042,38,12.18570927376915
540,6979,923,38,13.225390457085542
542,12419,2134,74,17.183348095659877
543,22082,3120,112,14.129154967847116
544,34012,4483,189,13.180642126308362
545,4784,773,39,16.15802675585284
546,19732,3247,109,16.455503750253396
547,12315,1803,86,14.64068209500609
548,16650,1545,83,9.27927927927928
549,14468,1115,74,7.7066629803704725
550,31783,2715,190,8.542302488751849
551,43161,3470,208,8.039665438706239
552,12688,1194,68,9.41046658259773
553,35197,2068,75,5.875500752905078
554,31567,2460,171,7.792948332118985
556,21172,1580,87,7.462686567164179
557,42257,3101,77,7.338429136001136
558,26599,1231,12,4.627993533591488
559,83,7,2,8.433734939759036
560,59452,4532,356,7.622956334521967
561,5675,363,76,6.39647577092511
562,44642,5143,246,11.520541194390931
563,21154,1932,172,9.133024487094639
564,11283,1100,62,9.749180182575556
565,18434,2016,138,10.936313334056635
566,13037,1809,86,13.875891692874127
567,14074,2157,117,15.326133295438398
568,6472,907,43,14.014215080346107
569,49500,5367,229,10.842424242424242
570,17090,1245,18,7.284961966062024
571,17312,2062,92,11.910813308687615
572,18447,2323,83,12.592833523066082
573,12835,1298,57,10.112972341254382
574,8518,1235,43,14.498708617046255
575,11221,1570,61,13.991622850013368
576,14104,1946,67,13.797504254112308
577,918,104,2,11.328976034858387
578,4834,865,16,17.894083574679353
579,896,148,8,16.517857142857142
580,4241,863,15,20.348974298514502
581,1503,253,11,16.833000665335994
582,3469,622,28,17.93023926203517
583,3838,536,23,13.965607087024491
584,6332,958,31,15.129500947567909
585,2827,477,18,16.873010258224266
586,1926,292,13,15.160955347871235
587,3551,608,34,17.121937482399325
588,4723,784,33,16.59961888630108
589,5290,892,39,16.862003780718336
590,10730,1689,52,15.740913327120223
591,8845,1387,44,15.681175805539853
592,7969,1433,45,17.982180951185846
593,9993,1610,59,16.111277894526168
594,2002,334,14,16.683316683316683
595,8012,1002,45,12.506240639041438
596,4317,646,20,14.964095436645819
597,7961,1135,36,14.257002889084285
598,17324,1924,104,11.105980143154007
599,7091,926,30,13.058806938372586
600,15715,1791,116,11.396754692968502
601,6564,861,34,13.117001828153565
602,10139,1101,48,10.859059078804616
603,1746,236,15,13.516609392898053
604,4347,410,71,9.431792040487693
605,1527,139,19,9.102815979043877
606,16148,2133,100,13.209066138221452
607,7811,1077,60,13.78824734348995
608,4948,704,38,14.227970897332256
609,4664,688,34,14.751286449399657
610,4414,470,16,10.647938377888536
611,13401,1671,123,12.469218715021267
612,7125,1239,55,17.389473684210525
613,5439,975,34,17.926089354660782
614,12133,1868,58,15.396027363389104
615,9791,1533,41,15.657236237360841
616,13647,1747,60,12.801348281673627
617,9389,1218,46,12.972627542869315
618,21065,2849,90,13.524804177545692
619,2313,316,12,13.661910938175529
620,15749,761,13,4.832052828751031
621,37202,3380,132,9.085533035858287
622,11139,720,107,6.463775922434689
623,8768,587,92,6.694799270072993
624,3547,257,36,7.245559627854525
625,18052,1829,159,10.131841347219146
626,21020,2196,156,10.447193149381542
627,13665,2041,56,14.935967800951335
628,10181,1268,47,12.454572242412336
629,16237,1580,69,9.730861612366816
630,20,4,1,20
631,13399,1721,15,12.844242107619971
632,21,1,1,4.761904761904762
633,8812,1536,49,17.430776214253292
634,8964,1328,42,14.814814814814815
635,1286,144,6,11.19751166407465
636,7379,1038,53,14.06694674075078
637,9437,1061,81,11.242979760517114
638,4157,593,38,14.265095020447438
639,9362,1171,56,12.508011108737449
640,16531,2172,251,13.138951061641764
641,35,0,1,0
642,4296,541,21,12.593109869646183
643,12523,1399,69,11.171444542042641
644,7774,920,43,11.834319526627219
645,6948,630,50,9.067357512953368
648,6966,590,45,8.469710020097617
649,7870,950,63,12.071156289707751
650,11909,1437,76,12.066504324460492
651,5069,829,88,16.354310514894458
652,61,3,1,4.918032786885246
653,12936,1792,75,13.852813852813853
654,18282,1810,133,9.900448528607374
655,8834,748,67,8.467285487887706
656,12967,1095,54,8.444512994524562
657,17403,2415,48,13.876917772797794
658,6087,782,46,12.847051092492196
660,5508,433,27,7.861292665214234
661,12154,1364,52,11.222642751357577
662,14632,2260,106,15.445598687807545
663,12259,1485,72,12.113549229137776
664,12468,1032,121,8.277189605389799
665,25361,2391,169,9.427861677378653
666,11722,682,103,5.818119774782461
667,18257,1691,164,9.262200799693268
668,1254,37,3,2.9505582137161084
669,8003,757,86,9.45895289266525
670,6855,819,65,11.947483588621445
672,9451,929,64,9.829647656332662
673,3034,318,20,10.48121292023731
674,13573,1464,139,10.786119501952406
675,4575,329,34,7.191256830601093
677,9984,1359,60,13.611778846153847
678,4588,599,41,13.055797733217089
679,7635,1041,44,13.634577603143418
680,2101,176,23,8.37696335078534
681,20912,2023,168,9.673871461361898
682,33758,4214,232,12.482967000414716
683,7198,830,71,11.53098082800778
684,1821,174,48,9.555189456342669
685,838,51,12,6.085918854415274
686,10271,1131,87,11.011586018888131
687,7228,872,44,12.064194798007748
688,11344,1384,84,12.200282087447109
689,18207,1892,129,10.391607623441534
690,9255,1095,69,11.831442463533225
691,10012,1128,89,11.266480223731522
692,11493,1413,93,12.294440093970243
693,9706,913,57,9.406552647846693
694,5698,545,44,9.564759564759564
695,35,4,1,11.428571428571429
696,4000,384,36,9.6
698,3410,358,27,10.498533724340176
699,3198,340,37,10.631644777986242
700,1567,144,11,9.189534141671984
701,7874,810,118,10.287020574041149
702,3795,353,59,9.30171277997365
703,20226,1539,133,7.609018095520617
706,30,3,1,10
708,5212,569,36,10.917114351496547
709,10374,1125,75,10.84441873915558
710,11560,1236,89,10.69204152249135
711,11852,1277,120,10.774552818089774
712,3936,466,46,11.839430894308943
713,45,5,1,11.11111111111111
714,13668,1104,145,8.077260755048288
715,12394,1337,160,10.787477811844441
716,11486,1286,107,11.196238899529863
717,13989,1499,105,10.715562227464437
718,5853,641,53,10.951648727148472
719,3093,310,32,10.022631749110895
720,10738,884,173,8.232445520581114
721,4842,374,90,7.724080958281702
722,2956,186,65,6.292286874154263
723,5623,508,82,9.03432331495643
724,5499,510,52,9.274413529732678
725,13693,1126,160,8.223179726867743
726,162,7,3,4.320987654320987
727,7326,554,50,7.562107562107562
728,9189,805,64,8.76047448035695
729,3286,207,32,6.299452221545953
730,33,4,1,12.121212121212121
731,13736,741,8,5.394583576004659
732,14973,2125,85,14.192212649435652
733,6084,723,58,11.883629191321498
734,2301,226,26,9.821816601477618
735,15724,1862,119,11.841770541846858
736,16690,2089,116,12.516476932294788
737,3874,461,39,11.899845121321631
738,20,1,1,5
739,77,6,3,7.792207792207792
740,15083,1860,73,12.33176423788371
741,4413,443,36,10.038522547020168
742,5807,691,36,11.899431720337523
743,18561,1739,117,9.369107267927374
744,10551,1249,56,11.837740498530945
745,13574,1158,175,8.531015176071902
746,1062,47,15,4.425612052730696
748,1222,131,22,10.72013093289689
749,8907,781,174,8.76838441675087
750,566,19,5,3.3568904593639575
751,30548,2818,217,9.22482650255336
752,11053,1452,82,13.136704966977291
753,11500,1364,83,11.860869565217392
754,12467,1315,100,10.547846314269671
755,19291,1850,206,9.589964232025297
756,7126,656,81,9.205725512208813
757,3160,144,18,4.556962025316456
759,1820,176,33,9.67032967032967
760,2812,239,37,8.499288762446657
761,13388,1130,164,8.44039438302958
763,19,3,1,15.789473684210526
764,88,11,1,12.5
768,303,13,3,4.29042904290429
795,3633,341,55,9.386182218552161
796,967,86,29,8.89348500517063
797,440,32,9,7.2727272727272725
835,16206,1466,77,9.046032333703566
836,9800,1154,54,11.775510204081632
837,3400,472,18,13.882352941176471
838,13278,2405,18,18.11266757041723
839,3623,667,12,18.410157328181064
840,3420,290,22,8.47953216374269
841,10325,1627,50,15.757869249394673
842,8109,1352,50,16.672832655074608
843,1276,175,8,13.714733542319749
844,18,5,2,27.77777777777778
845,259,23,1,8.88030888030888
847,1040,227,7,21.826923076923077
848,1266,312,16,24.644549763033176
849,4787,794,23,16.586588677668686
850,3695,692,22,18.728010825439785
851,6028,1241,31,20.587259455872594
852,6525,1557,49,23.862068965517242
853,5333,1558,28,29.21432589536846
854,46,0,1,0
855,2326,338,15,14.531384350816852
939,11020,1090,79,9.891107078039928
940,1935,257,24,13.281653746770026
941,103,17,2,16.50485436893204
942,10445,1771,81,16.955481091431306
943,15129,1770,67,11.699385286535792
944,6871,733,16,10.668025032746325
945,20142,1549,165,7.690398172971899
946,1053,129,10,12.250712250712251
947,25199,1578,82,6.262153260050002
948,27765,3253,136,11.716189447145688
949,12,0,1,0
950,18963,1606,9,8.469124083742024
951,15311,2062,27,13.467441708575533
952,2331,542,4,23.25182325182325
953,17893,1997,5,11.160789135416085
954,6688,1231,31,18.4061004784689
955,9071,806,10,8.885459155550656
956,6407,627,3,9.78617137505853
957,55,2,1,3.6363636363636362
958,70,10,3,14.285714285714286
959,36,2,1,5.555555555555555
960,740,83,7,11.216216216216216
961,4933,439,39,8.8992499493209
962,1370,157,11,11.459854014598541
963,5350,669,40,12.504672897196262
964,6072,942,39,15.513833992094861
965,3110,217,10,6.977491961414791
966,2296,193,15,8.405923344947736
967,24,3,1,12.5
968,860,158,6,18.372093023255815
969,2620,390,10,14.885496183206106
970,2894,423,15,14.61644782308224
972,2949,362,24,12.275347575449304
973,19783,2095,132,10.58990041955214
974,3526,319,36,9.047078842881453
975,3138,521,2,16.602931803696624
976,3212,409,15,12.733499377334994
977,2894,351,24,12.128541810642709
978,7038,685,73,9.732878658709861
979,10189,1234,85,12.111100206104622
980,2884,146,3,5.0624133148405
981,5319,830,36,15.604436924233879
982,4887,903,39,18.47759361571516
983,3275,497,21,15.17557251908397
984,921,152,6,16.503800217155266
986,1208,212,11,17.549668874172184
987,1478,243,2,16.441136671177265
988,759,91,1,11.989459815546772
989,10522,806,59,7.660140657669644
990,20989,1654,123,7.880318261946734
991,2053,447,23,21.773015099853872
992,1068,155,4,14.513108614232209
993,1777,266,14,14.969048958919528
995,14130,1131,21,8.004246284501061
996,17924,3465,26,19.33162240571301
997,17601,2753,32,15.641156752457247
998,6139,780,8,12.705652386382146
999,1742,258,13,14.810562571756602
1000,24,7,1,29.166666666666668
1001,18304,1529,69,8.353365384615385
1003,19133,926,18,4.839805571525637
1004,15,2,1,13.333333333333334
1006,39115,2504,91,6.401636200945929
1007,8,1,1,12.5
1008,68,17,1,25
1009,18,3,1,16.666666666666668
1013,39,3,1,7.6923076923076925
1017,1243,137,8,11.021721641190668
1020,18,0,1,0
1021,15,4,1,26.666666666666668
1022,57,13,2,22.80701754385965
1024,192,39,4,20.3125
1025,3730,859,31,23.029490616621985
1026,8855,1130,8,12.761151891586675
1027,40,1,2,2.5
1028,16457,2730,48,16.58868566567418
1032,8191,738,76,9.009888902453913
1034,12048,885,7,7.345617529880478
1035,26850,2458,18,9.154562383612664
1036,57,12,3,21.05263157894737
1038,19,5,1,26.31578947368421
1043,1286,68,6,5.287713841368585
1048,29951,5425,83,18.11291776568395
1049,28171,4200,19,14.908948919101203
1050,13057,807,190,6.180592785479053
1051,1968,132,35,6.7073170731707314
1052,270,39,5,14.444444444444445
1066,24,6,1,25
1067,125,2,1,1.6
1069,80,13,3,16.25
1070,2019,108,12,5.349182763744428
1075,320,16,5,5
1141,3544,221,38,6.235891647855531
